id,question,human_label,human_label_text,hallucination_type,error_category,baseline_prediction,ragas_prediction,selfcheck_prediction,similarity_prediction,hybrid_prediction,custom_prediction,detectors_incorrect,detectors_correct,all_detectors_correct,any_false_negative,any_false_positive
00b9bf2c-aa16-4012-b3d8-b6417c29c4dc,Where can one find more detailed information about managing throughput capacity with DynamoDB auto scaling?,0,Non-Hallucinated,,Requires manual annotation,0,0,1,0,0,0,selfcheck,"baseline,ragas,similarity,hybrid,custom",False,False,True
01acfb86-a1d8-4d0e-aadb-51f84cb0151f,What kind of activities are recommended for automation?,0,Non-Hallucinated,,Requires manual annotation,0,0,1,0,0,0,selfcheck,"baseline,ragas,similarity,hybrid,custom",False,False,True
01dded55-2bd8-45ed-aa1b-c4e2a077c57d,How is scaling an instance typically performed?,1,Hallucinated,,Requires manual annotation,0,1,1,1,1,1,baseline,"ragas,selfcheck,similarity,hybrid,custom",False,True,False
03f3d49b-7882-4d58-9bb2-af2f04ddb3fa,What is the full name of the author associated with RFC2068?,1,Hallucinated,,Requires manual annotation,0,1,1,0,1,1,"baseline,similarity","ragas,selfcheck,hybrid,custom",False,True,False
043e3eca-6aba-4d68-85da-3978678f8d6d,What does the discussion section suggest about privileged status?,1,Hallucinated,,Requires manual annotation,0,0,1,0,0,1,"baseline,ragas,similarity,hybrid","selfcheck,custom",False,True,False
0507d2a0-6abc-4f40-8030-47bc30911202,What factor should be considered when selecting a backup strategy according to the text?,1,Hallucinated,,Requires manual annotation,0,1,1,0,1,1,"baseline,similarity","ragas,selfcheck,hybrid,custom",False,True,False
053c0249-3125-4ea3-a8c1-49f0f045a31c,What is the requirement for message transformations as stated in RFC 9110?,1,Hallucinated,,Requires manual annotation,0,1,1,1,1,1,baseline,"ragas,selfcheck,similarity,hybrid,custom",False,True,False
08a93682-8bd6-410f-8fa2-776d90cc6bed,What is the purpose of CA-2 in NIST SP 800-53?,1,Hallucinated,,Requires manual annotation,1,1,1,1,1,1,,"baseline,ragas,selfcheck,similarity,hybrid,custom",True,False,False
0922f19d-7280-4b7b-9254-633493b30f4a,What types of media are mentioned as examples under requirement 03.08.06?,1,Hallucinated,,Requires manual annotation,1,1,1,0,1,1,similarity,"baseline,ragas,selfcheck,hybrid,custom",False,True,False
09817605-0ffd-462c-9318-f28fdce2186c,Where can NIST SP 800-53 REV. 5 be accessed for free?,0,Non-Hallucinated,,Requires manual annotation,0,0,1,0,0,0,selfcheck,"baseline,ragas,similarity,hybrid,custom",False,False,True
09a54073-bdfe-45fb-8c63-735b0de889b7,What is the purpose of regularly reviewing your workload and implementing new services and features according to the text?,0,Non-Hallucinated,,Requires manual annotation,0,1,1,0,1,1,"ragas,selfcheck,hybrid,custom","baseline,similarity",False,False,True
0aff0e08-ad65-40f7-af38-81b58724f57f,What version number is mentioned in the text?,1,Hallucinated,,Requires manual annotation,0,1,1,1,1,1,baseline,"ragas,selfcheck,similarity,hybrid,custom",False,True,False
0c3a4a2c-3af9-4b3f-b648-2a5f7cebc7b9,What does 'production workloads' refer to in this context?,1,Hallucinated,,Requires manual annotation,0,0,1,0,0,1,"baseline,ragas,similarity,hybrid","selfcheck,custom",False,True,False
0c7d2191-28c0-4fbd-bc32-91575d5ede70,What does the term 'SHOULD' indicate in the context of this text?,1,Hallucinated,,Requires manual annotation,0,1,1,0,1,1,"baseline,similarity","ragas,selfcheck,hybrid,custom",False,True,False
0cf4d8fc-ce1e-4fd1-8d6d-6d5c7814f9a6,What should be confirmed about new organization members' resource creations?,1,Hallucinated,,Requires manual annotation,0,1,1,1,1,1,baseline,"ragas,selfcheck,similarity,hybrid,custom",False,True,False
0e968613-9dd1-412a-8b5d-2deb91a393a2,What must business unit owners understand to provide direction effectively?,0,Non-Hallucinated,,Requires manual annotation,0,0,1,0,0,0,selfcheck,"baseline,ragas,similarity,hybrid,custom",False,False,True
0fa856df-a616-433f-a2a6-30836acfff98,What types of information are considered when performing browser fingerprinting?,1,Hallucinated,,Requires manual annotation,0,0,1,0,0,1,"baseline,ragas,similarity,hybrid","selfcheck,custom",False,True,False
0fb472f9-1f8b-46d9-94b5-cb9aa24cb4ed,What administrative procedures are required according to SP 800-171r3 for managing authenticators?,1,Hallucinated,,Requires manual annotation,1,0,1,0,0,1,"ragas,similarity,hybrid","baseline,selfcheck,custom",False,True,False
0fe7cfe6-cea7-42be-8296-a31bddf40e86,Which HTTP headers are included in the provided text?,1,Hallucinated,,Requires manual annotation,0,1,1,1,1,1,baseline,"ragas,selfcheck,similarity,hybrid,custom",False,True,False
11c427e7-f0d5-4135-a30b-8c2b1f0949b7,What is the desired outcome of the static stability design verification?,1,Hallucinated,,Requires manual annotation,0,0,1,1,0,1,"baseline,ragas,hybrid","selfcheck,similarity,custom",False,True,False
126d2848-7643-4f5f-83fb-41ec67fe3b9a,What is the exact change made in Control IA-1a.1.? ,1,Hallucinated,,Requires manual annotation,0,1,1,1,1,1,baseline,"ragas,selfcheck,similarity,hybrid,custom",False,True,False
12d7973e-04dc-4d9c-8f47-04ba80289fc5,What benefit does using version control capabilities provide in the context of managing report files?,0,Non-Hallucinated,,Requires manual annotation,0,0,1,0,0,0,selfcheck,"baseline,ragas,similarity,hybrid,custom",False,False,True
1327eadd-2c03-4cd4-a966-df3d47be5d22,What are common policies in workloads management?,1,Hallucinated,,Requires manual annotation,1,0,1,0,0,1,"ragas,similarity,hybrid","baseline,selfcheck,custom",False,True,False
1554e6f5-8a92-4d2f-b575-0ac3c3240bb7,What informs risk monitoring according to the text?,0,Non-Hallucinated,,Requires manual annotation,0,1,0,0,0,1,"ragas,custom","baseline,selfcheck,similarity,hybrid",False,False,True
158c06ba-431e-44d5-bb7a-095b24a4dcd0,What does the control require organizations to do regarding mobile code?,1,Hallucinated,,Requires manual annotation,0,1,1,0,1,1,"baseline,similarity","ragas,selfcheck,hybrid,custom",False,True,False
15d5b326-2f1b-4987-9c57-f186709a5552,Where can one find NIST SP 800-53 REV. 5?,0,Non-Hallucinated,,Requires manual annotation,0,0,1,0,0,0,selfcheck,"baseline,ragas,similarity,hybrid,custom",False,False,True
17a0bd6c-5999-4b32-a67d-197ef0b78739,How often should the prioritization process be reviewed?,0,Non-Hallucinated,,Requires manual annotation,0,1,0,1,1,0,"ragas,similarity,hybrid","baseline,selfcheck,custom",False,False,True
17f5e9c4-4c39-4ad4-ac2d-08684e22d52c,What must an HTTP-to-HTTP gateway conform to for interoperability with third-party servers?,0,Non-Hallucinated,,Requires manual annotation,0,0,1,0,0,0,selfcheck,"baseline,ragas,similarity,hybrid,custom",False,False,True
18960d0c-a72d-45ad-93ae-ebabbfbb0d31,How can organizations address the concern of adversaries breaching or compromising their systems according to the discussion?,1,Hallucinated,,Requires manual annotation,1,1,1,0,1,1,similarity,"baseline,ragas,selfcheck,hybrid,custom",False,True,False
18b733c5-2272-4aba-96e6-c6880c10bea2,How does Application Load Balancer improve response time for applications?,0,Non-Hallucinated,,Requires manual annotation,0,0,1,0,0,0,selfcheck,"baseline,ragas,similarity,hybrid,custom",False,False,True
18cc4a93-45f2-4f08-8b22-90322ed9e47f,What should be done after defining performance metrics according to the text?,0,Non-Hallucinated,,Requires manual annotation,1,1,1,1,1,1,"baseline,ragas,selfcheck,similarity,hybrid,custom",,False,False,True
19457824-409c-4f44-88c1-c42e53aadae5,What is the CUI for CM-12?,0,Non-Hallucinated,,Requires manual annotation,0,1,1,1,1,1,"ragas,selfcheck,similarity,hybrid,custom",baseline,False,False,True
19d37df0-1132-4f48-a913-a877fc55d46b,Which references are mentioned for EMSEC policies?,0,Non-Hallucinated,,Requires manual annotation,0,1,1,0,1,0,"ragas,selfcheck,hybrid","baseline,similarity,custom",False,False,True
1a6890a9-ea27-4fa8-9069-74f56d5a1729,What are the steps included in the information life cycle mentioned in the text?,0,Non-Hallucinated,,Requires manual annotation,0,0,1,0,0,0,selfcheck,"baseline,ragas,similarity,hybrid,custom",False,False,True
1ac915e3-3c15-4955-906a-9478e28c42ce,What does evidence #6.8.2 suggest about the presence and integrity of digital signatures on authentication?,1,Hallucinated,,Requires manual annotation,0,1,1,0,1,0,"baseline,similarity,custom","ragas,selfcheck,hybrid",False,True,False
1b3a0e8e-2670-4d6b-8cb1-c3b8a02fc86a,What additional step must an origin server take if resources have distinct representations that differ only in their metadata?,1,Hallucinated,,Requires manual annotation,1,0,1,0,0,0,"ragas,similarity,hybrid,custom","baseline,selfcheck",False,True,False
1bf1b5ee-cb2a-4ccf-927e-1c5203b64c0a,What events are mentioned in the text related to Amazon EC2?,1,Hallucinated,,Requires manual annotation,0,0,1,1,0,1,"baseline,ragas,hybrid","selfcheck,similarity,custom",False,True,False
1cff8995-07de-4ed2-b2c7-cd920788fd81,What happens if you don't have a support transition plan after the migration project?,0,Non-Hallucinated,,Requires manual annotation,0,0,1,0,0,0,selfcheck,"baseline,ragas,similarity,hybrid,custom",False,False,True
1d3310d9-bb62-4058-bb58-4bd2dca41c7f,What process is used to prevent server impersonation by on-path attackers or name resolution attackers?,1,Hallucinated,,Requires manual annotation,0,1,1,0,1,1,"baseline,similarity","ragas,selfcheck,hybrid,custom",False,True,False
1d9013b8-a6e7-4862-b59e-1871c879727a,What types of references can be considered as Informative References in the context provided?,1,Hallucinated,,Requires manual annotation,0,1,1,0,1,1,"baseline,similarity","ragas,selfcheck,hybrid,custom",False,True,False
1df386ba-204a-424b-972d-f4903683e197,Where is NIST SP 800-53 REV. 5 available free of charge?,0,Non-Hallucinated,,Requires manual annotation,0,0,1,0,0,0,selfcheck,"baseline,ragas,similarity,hybrid,custom",False,False,True
2381289b-5e20-4f09-a176-e1a8d6ee5bf1,What does prohibiting the use of systems account identifiers as public identifiers help prevent?,0,Non-Hallucinated,,Requires manual annotation,0,0,1,0,0,0,selfcheck,"baseline,ragas,similarity,hybrid,custom",False,False,True
23819283-f7ab-4579-a6f3-2a73af00571f,What is a typical approach for using encryption keys in different AWS Regions?,0,Non-Hallucinated,,Requires manual annotation,0,0,1,0,0,0,selfcheck,"baseline,ragas,similarity,hybrid,custom",False,False,True
23c02e3b-7102-4d63-aef9-27383b115285,What are the actions that may be taken in response to unsuccessful system logon attempts?,1,Hallucinated,,Requires manual annotation,1,0,1,0,0,1,"ragas,similarity,hybrid","baseline,selfcheck,custom",False,True,False
259ea192-1eab-4ba4-bb76-8c273191236d,What should an OpenID Provider mitigate to prevent denial of service according to section 10.6.2?,1,Hallucinated,,Requires manual annotation,0,1,1,0,1,1,"baseline,similarity","ragas,selfcheck,hybrid,custom",False,True,False
26678c42-f398-468d-b5d5-575309c81529,What are the titles of the related documents mentioned?,1,Hallucinated,,Requires manual annotation,1,1,1,1,1,1,,"baseline,ragas,selfcheck,similarity,hybrid,custom",True,False,False
2806d5c1-9495-4e0e-aabf-8f59d227469f,Which specific browser security features are mentioned that must be supported by browsers using the application according to V3.1 Web Frontend Security Documentation?,0,Non-Hallucinated,,Requires manual annotation,0,0,1,0,0,0,selfcheck,"baseline,ragas,similarity,hybrid,custom",False,False,True
2877f7fb-7d11-4db3-9e45-46c7be5fc563,How often should the penetration testing be conducted according to the text?,1,Hallucinated,,Requires manual annotation,0,0,1,0,0,0,"baseline,ragas,similarity,hybrid,custom",selfcheck,False,True,False
2999dc76-df54-40a9-9f0e-a33d89c156db,What aspect of compliance can managed services shift according to the text?,1,Hallucinated,,Requires manual annotation,1,0,1,0,0,1,"ragas,similarity,hybrid","baseline,selfcheck,custom",False,True,False
2aa99359-b446-4541-ae01-49b888a9b451,What does this publication recommend for assessing supply chain risks?,1,Hallucinated,,Requires manual annotation,0,1,1,0,1,1,"baseline,similarity","ragas,selfcheck,hybrid,custom",False,True,False
2abbb927-39d7-448b-9554-b68e7e9962b2,What can you grant access to resources for an account that is a member of AWS Organizations?,1,Hallucinated,,Requires manual annotation,0,0,1,0,0,1,"baseline,ragas,similarity,hybrid","selfcheck,custom",False,True,False
2bf7f544-2208-435e-8287-4585e903e731,What are the two main components of system and communications protection according to control a? ,1,Hallucinated,,Requires manual annotation,0,1,1,1,1,1,baseline,"ragas,selfcheck,similarity,hybrid,custom",False,True,False
2c809731-aeab-428f-ac1f-864d5aaa803a,What are the conditions for a representation to be unacceptable according to the text?,1,Hallucinated,,Requires manual annotation,1,1,1,0,1,1,similarity,"baseline,ragas,selfcheck,hybrid,custom",False,True,False
2d13ce02-5ca6-4905-9244-4e829e00a1e0,What are some of the responsibilities of a Data Governance Body?,0,Non-Hallucinated,,Requires manual annotation,1,0,1,0,0,0,"baseline,selfcheck","ragas,similarity,hybrid,custom",False,False,True
2ef27214-490e-422e-9aa8-77aeb819f2a0,What types of controls are related to this access control policy for mobile devices?,1,Hallucinated,,Requires manual annotation,0,1,1,1,1,1,baseline,"ragas,selfcheck,similarity,hybrid,custom",False,True,False
2f1092b2-b16f-4015-b32a-e4617f682f29,What does the AWS Well-Architected Framework suggest about manually changing standard security controls?,1,Hallucinated,,Requires manual annotation,1,1,1,0,1,1,similarity,"baseline,ragas,selfcheck,hybrid,custom",False,True,False
2f8060fe-7cae-43b2-8ed6-b7d3b950c96f,What is an example discussed for when social security numbers may not need to be archived even though they were initially collected?,0,Non-Hallucinated,,Requires manual annotation,0,0,1,0,0,0,selfcheck,"baseline,ragas,similarity,hybrid,custom",False,False,True
3616abab-b48e-4499-b919-ceaa65c57975,What is the purpose of maintaining a database in a computerized maintenance management system according to this text?,1,Hallucinated,,Requires manual annotation,0,1,1,0,1,1,"baseline,similarity","ragas,selfcheck,hybrid,custom",False,True,False
3689dc23-3fbd-43b4-aa0c-1012ef235f16,What are the related controls mentioned in the text?,1,Hallucinated,,Requires manual annotation,1,1,1,1,1,1,,"baseline,ragas,selfcheck,similarity,hybrid,custom",True,False,False
3791de9e-e428-4d07-9e01-87681ca54bab,What protocol is mentioned as being used to establish confidential communication through a shared firewall proxy?,0,Non-Hallucinated,,Requires manual annotation,0,0,1,0,0,0,selfcheck,"baseline,ragas,similarity,hybrid,custom",False,False,True
37a3f5af-1581-4e5e-86ab-a8742515ae61,What are two common anti-patterns mentioned in the text?,1,Hallucinated,,Requires manual annotation,1,1,1,0,1,1,similarity,"baseline,ragas,selfcheck,hybrid,custom",False,True,False
3934bfa5-6dca-48af-8d02-de4487b95afb,What does AWS IoT Core provide according to the provided text?,1,Hallucinated,,Requires manual annotation,0,1,1,0,1,1,"baseline,similarity","ragas,selfcheck,hybrid,custom",False,True,False
397f513d-6ff8-46ed-9ed8-50435afd71c1,What is the progression described by the Tiers in terms of managing cybersecurity risks?,1,Hallucinated,,Requires manual annotation,1,0,1,0,0,1,"ragas,similarity,hybrid","baseline,selfcheck,custom",False,True,False
3a1ecf81-617b-496b-8ea9-545497277d07,What happens if long queue backlogs are allowed in the system?,1,Hallucinated,,Requires manual annotation,0,1,1,0,1,1,"baseline,similarity","ragas,selfcheck,hybrid,custom",False,True,False
3aaa635e-26ec-4512-9ce2-58c80643415d,How is 'unit' defined in relation to data fields according to the text?,1,Hallucinated,,Requires manual annotation,0,1,1,1,1,1,baseline,"ragas,selfcheck,similarity,hybrid,custom",False,True,False
3bcde618-6940-4da7-9baf-2eb06b175b11,"According to the text, what should be done with operational events?",1,Hallucinated,,Requires manual annotation,0,1,1,0,1,1,"baseline,similarity","ragas,selfcheck,hybrid,custom",False,True,False
3c15df79-c0b9-43be-88be-5b152df50096,What SHOULD NOT be a Content-Range value according to the text?,0,Non-Hallucinated,,Requires manual annotation,0,0,1,0,0,1,"selfcheck,custom","baseline,ragas,similarity,hybrid",False,False,True
3c7641c5-6c45-4264-af6c-16fa7ffa8829,What is the potential risk if best practices for establishing controls for sensitive data are not followed?,1,Hallucinated,,Requires manual annotation,0,1,1,1,1,1,baseline,"ragas,selfcheck,similarity,hybrid,custom",False,True,False
3e4c8bea-797a-4d6d-9175-8c91ba6ee743,What level of effort is required for the implementation plan?,0,Non-Hallucinated,,Requires manual annotation,0,0,1,0,0,0,selfcheck,"baseline,ragas,similarity,hybrid,custom",False,False,True
3ebf178e-3d4c-4b6a-9b16-78c2fd8a6b14,What is an important benefit of using CodeBuild for deployment?,1,Hallucinated,,Requires manual annotation,0,1,1,1,1,1,baseline,"ragas,selfcheck,similarity,hybrid,custom",False,True,False
3f7558fe-6db4-49d5-9b2b-ec7ebbd7126d,Which of the listed members are usernames only?,1,Hallucinated,,Requires manual annotation,0,0,1,1,0,1,"baseline,ragas,hybrid","selfcheck,similarity,custom",False,True,False
40f02d77-50cc-4404-9baa-5c54b06cf9a0,What is the reference number mentioned in this text?,1,Hallucinated,,Requires manual annotation,1,1,1,1,1,1,,"baseline,ragas,selfcheck,similarity,hybrid,custom",True,False,False
41a546e8-5de5-4538-bb07-d1a70d0aba15,What does IA-6 AUTHENTICATION FEEDBACK control NOT provide information about?,1,Hallucinated,,Requires manual annotation,0,0,1,0,0,1,"baseline,ragas,similarity,hybrid","selfcheck,custom",False,True,False
42ae0be8-adbb-496e-be8a-1ed1ae9ba24f,What actions does an organization take to ensure compliance with records retention policies during media sanitization?,1,Hallucinated,,Requires manual annotation,0,0,1,0,0,0,"baseline,ragas,similarity,hybrid,custom",selfcheck,False,True,False
4474a568-39de-42bd-a3df-b2ac3ebe77e9,"What standard does NIST SP 800-53, REV. 5 reference for requirements engineering?",0,Non-Hallucinated,,Requires manual annotation,0,1,1,1,1,0,"ragas,selfcheck,similarity,hybrid","baseline,custom",False,False,True
4512913b-6035-4e48-b863-e5bba8e417d1,What specific instances are mentioned for machine learning workloads?,1,Hallucinated,,Requires manual annotation,1,0,1,0,0,0,"ragas,similarity,hybrid,custom","baseline,selfcheck",False,True,False
45927b33-b331-4e1b-b3b9-2e8ef6009bad,What does the 402 status code indicate and when will it be used?,1,Hallucinated,,Requires manual annotation,1,1,1,0,1,1,similarity,"baseline,ragas,selfcheck,hybrid,custom",False,True,False
474bfa5f-7863-466f-8052-a9e8e64be52c,What does 'total available RI hours' refer to?,0,Non-Hallucinated,,Requires manual annotation,0,1,1,1,1,0,"ragas,selfcheck,similarity,hybrid","baseline,custom",False,False,True
47b8a502-0405-4145-acc9-2427c47bd5d6,What technologies are recommended to reduce downtime and improve availability?,1,Hallucinated,,Requires manual annotation,0,1,1,1,1,1,baseline,"ragas,selfcheck,similarity,hybrid,custom",False,True,False
48710e89-dfbe-4e90-983e-bb87ff744df5,How do game days help with identifying dependencies?,0,Non-Hallucinated,,Requires manual annotation,0,0,1,0,0,0,selfcheck,"baseline,ragas,similarity,hybrid,custom",False,False,True
4b8d91db-5fd9-4d40-bf6b-f8b3670a9e50,Where should real-time scans of files from external sources be performed according to organizational policy?,0,Non-Hallucinated,,Requires manual annotation,0,0,1,0,0,0,selfcheck,"baseline,ragas,similarity,hybrid,custom",False,False,True
4b949692-4da7-40f1-86ea-210ff45dd172,What should assessments performed for purposes other than to support?,1,Hallucinated,,Requires manual annotation,0,1,1,0,1,1,"baseline,similarity","ragas,selfcheck,hybrid,custom",False,True,False
4c5b5c01-f00b-4f44-80ee-92195e3b47e4,What factors influence the selection of cryptographic mechanisms for protecting system backups?,1,Hallucinated,,Requires manual annotation,0,0,1,0,0,0,"baseline,ragas,similarity,hybrid,custom",selfcheck,False,True,False
4c63d7ab-f288-44f2-ab8c-7e1ff41fce03,Why is it useful for an employee to know that one of the individuals on an email message is a contractor?,1,Hallucinated,,Requires manual annotation,0,0,1,1,0,1,"baseline,ragas,hybrid","selfcheck,similarity,custom",False,True,False
4e5dca50-8f38-426c-b6bc-bc9dfed2d933,What does the text imply about the original state of the AWS Well-Architected framework?,1,Hallucinated,,Requires manual annotation,0,1,1,1,1,1,baseline,"ragas,selfcheck,similarity,hybrid,custom",False,True,False
4e7b10d3-e9d5-47f3-b370-1eee968a7db1,What can the If-Range header field be used for?,1,Hallucinated,,Requires manual annotation,0,1,1,0,1,1,"baseline,similarity","ragas,selfcheck,hybrid,custom",False,True,False
4ead8d99-fac3-4721-8dd8-d4162faea45e,What is the first step in verifying individual access authorizations before granting access to a facility?,0,Non-Hallucinated,,Requires manual annotation,1,0,1,0,0,0,"baseline,selfcheck","ragas,similarity,hybrid,custom",False,False,True
5075d8d5-505c-459f-a20e-d131423119d4,What is the purpose of Kubernetes Cluster Autoscaler?,1,Hallucinated,,Requires manual annotation,0,0,1,0,0,1,"baseline,ragas,similarity,hybrid","selfcheck,custom",False,True,False
507bc3a0-ec1c-421e-bd08-14d5a3d20561,What should an application ensure when using different parsers for the same data type?,1,Hallucinated,,Requires manual annotation,0,0,1,0,0,1,"baseline,ragas,similarity,hybrid","selfcheck,custom",False,True,False
5117cb4b-c499-4da6-b072-dab2aa7cd7dc,What is the purpose of using CloudFormation according to the text?,1,Hallucinated,,Requires manual annotation,0,1,1,1,1,1,baseline,"ragas,selfcheck,similarity,hybrid,custom",False,True,False
552e5b60-cb65-4ea7-832a-2d2347a67b69,Who can generate the external ID according to the text?,0,Non-Hallucinated,,Requires manual annotation,0,0,1,0,0,0,selfcheck,"baseline,ragas,similarity,hybrid,custom",False,False,True
5770b400-232c-4e7d-91f1-93885668522d,What should be done if success criteria are not met during the CI/CD pipeline?,0,Non-Hallucinated,,Requires manual annotation,0,0,1,0,0,0,selfcheck,"baseline,ragas,similarity,hybrid,custom",False,False,True
577734e9-f705-4e48-893f-22ec0beff48d,Which controls are related to the risk management process described?,1,Hallucinated,,Requires manual annotation,1,1,1,1,1,1,,"baseline,ragas,selfcheck,similarity,hybrid,custom",True,False,False
5781b0a2-b3ad-4d7c-b333-e98de3ab3719,What procedures must developers execute according to the given text?,1,Hallucinated,,Requires manual annotation,0,1,1,1,1,1,baseline,"ragas,selfcheck,similarity,hybrid,custom",False,True,False
5956a294-2908-4f6d-be2a-00a8d2bfe31d,What are examples of managed services according to the text?,1,Hallucinated,,Requires manual annotation,0,1,1,1,1,1,baseline,"ragas,selfcheck,similarity,hybrid,custom",False,True,False
59e48580-8e87-41db-a868-a047b437fef3,What do organizations consider when defining auditable events?,1,Hallucinated,,Requires manual annotation,0,1,1,0,1,1,"baseline,similarity","ragas,selfcheck,hybrid,custom",False,True,False
5ae65c16-05aa-44d1-9ea3-a0a42d02e139,What is the purpose of defining permissions according to user groups and attributes in the AWS Well-Architected Framework?,0,Non-Hallucinated,,Requires manual annotation,0,1,1,0,1,1,"ragas,selfcheck,hybrid,custom","baseline,similarity",False,False,True
5c3a95b2-0d8d-47af-bcac-3b12bec8a9dc,How should you determine a review frequency for each workload component?,1,Hallucinated,,Requires manual annotation,0,1,1,0,1,1,"baseline,similarity","ragas,selfcheck,hybrid,custom",False,True,False
5c77172b-c9fd-41d8-8cdc-259d022424ab,What should the test environments resemble according to AWS Well-Architected Framework?,1,Hallucinated,,Requires manual annotation,0,1,1,0,1,1,"baseline,similarity","ragas,selfcheck,hybrid,custom",False,True,False
5d0be7aa-20c2-4b73-89a7-a9d32bbd7d3a,What fields cannot be processed outside the header section?,0,Non-Hallucinated,,Requires manual annotation,1,1,1,1,1,1,"baseline,ragas,selfcheck,similarity,hybrid,custom",,False,False,True
5d182223-ab21-4a64-a6b6-29a46246b3f7,What does a client expect when requesting ranges of content from the server?,1,Hallucinated,,Requires manual annotation,0,1,1,0,1,1,"baseline,similarity","ragas,selfcheck,hybrid,custom",False,True,False
5d7a16b0-f44a-418e-b778-76900d2ab2cd,How many items are listed in the text?,0,Non-Hallucinated,,Requires manual annotation,0,0,1,1,0,1,"selfcheck,similarity,custom","baseline,ragas,hybrid",False,False,True
5dc52a72-3d2c-42c2-af57-4cb5e3bd1126,What are some of the hardware mechanisms used for implementing security function isolation according to the text?,1,Hallucinated,,Requires manual annotation,1,1,1,0,1,1,similarity,"baseline,ragas,selfcheck,hybrid,custom",False,True,False
5dde7126-14d3-4945-840d-158e758dd59d,Which controls are related to enforcing separation of duties according to the text?,0,Non-Hallucinated,,Requires manual annotation,0,0,1,0,0,0,selfcheck,"baseline,ragas,similarity,hybrid,custom",False,False,True
5f650e55-2cc5-4131-919b-d11caf2a768d,What are some common anti-patterns in recovery plans?,0,Non-Hallucinated,,Requires manual annotation,0,0,1,0,0,0,selfcheck,"baseline,ragas,similarity,hybrid,custom",False,False,True
608f6f72-59bf-4636-865d-4cd4c0014a25,What aspect does trustworthiness ensure in an information system according to the provided text?,0,Non-Hallucinated,,Requires manual annotation,0,1,1,0,1,0,"ragas,selfcheck,hybrid","baseline,similarity,custom",False,False,True
60940533-24a9-494a-9af1-12c7069fe961,What does 'security-relevant' information refer to in this context?,1,Hallucinated,,Requires manual annotation,0,0,1,0,0,0,"baseline,ragas,similarity,hybrid,custom",selfcheck,False,True,False
61b56049-26bf-442a-a949-e6e90971f642,What must be included in a cached POST response to make it reusable for later GET or HEAD requests?,0,Non-Hallucinated,,Requires manual annotation,0,0,1,0,0,0,selfcheck,"baseline,ragas,similarity,hybrid,custom",False,False,True
62c310d9-fa64-4f92-829e-d459f31bb77d,What are the benefits of establishing the best practice of manually performing changes to software for different environments?,1,Hallucinated,,Requires manual annotation,0,0,1,0,0,0,"baseline,ragas,similarity,hybrid,custom",selfcheck,False,True,False
6309e1ea-f96e-4ff8-9ea0-ddbed7ccf8f1,What might influence which representation of information is chosen during content negotiation?,1,Hallucinated,,Requires manual annotation,0,1,1,1,1,1,baseline,"ragas,selfcheck,similarity,hybrid,custom",False,True,False
664381bb-2454-4da0-ad77-90093a3c56f6,What conditions must be met to modify the material outside the IETF Standards Process?,0,Non-Hallucinated,,Requires manual annotation,0,0,1,0,0,0,selfcheck,"baseline,ragas,similarity,hybrid,custom",False,False,True
675772ea-3cc3-4427-b586-3f02216e99ac,What are some common anti-patterns in backup and recovery strategies?,1,Hallucinated,,Requires manual annotation,0,1,1,1,1,1,baseline,"ragas,selfcheck,similarity,hybrid,custom",False,True,False
6838d0be-1e5a-4dba-baa3-88dba35fdf08,What are some actions organizations should take for systems going into high-risk areas?,0,Non-Hallucinated,,Requires manual annotation,0,1,1,0,1,1,"ragas,selfcheck,hybrid,custom","baseline,similarity",False,False,True
6b40bdb0-2a50-4335-9db0-e5f93489e73f,When do organizations assess controls during continuous monitoring?,1,Hallucinated,,Requires manual annotation,0,1,1,0,1,1,"baseline,similarity","ragas,selfcheck,hybrid,custom",False,True,False
6c11d093-1b59-4151-973f-8dc39fab2bd2,Who should have access authorizations before performing maintenance or diagnostic activities according to the text?,1,Hallucinated,,Requires manual annotation,0,1,1,0,1,0,"baseline,similarity,custom","ragas,selfcheck,hybrid",False,True,False
6c5df1e0-a2b6-4e26-97fd-88f37e7455ff,What does AWS Lambda permit you to do without running an instance?,0,Non-Hallucinated,,Requires manual annotation,0,0,1,0,0,1,"selfcheck,custom","baseline,ragas,similarity,hybrid",False,False,True
6e7fb48d-7dae-476c-9e40-0dd531875703,What is the recommended action for AWS Secret Keys embedded in source code according to the provided text?,1,Hallucinated,,Requires manual annotation,0,0,1,0,0,1,"baseline,ragas,similarity,hybrid","selfcheck,custom",False,True,False
6ec037bb-56c9-41ce-80eb-3365540a73db,What is included under Availability with redundancy?,1,Hallucinated,,Requires manual annotation,0,1,1,0,1,1,"baseline,similarity","ragas,selfcheck,hybrid,custom",False,True,False
6ed9a3d8-c1dc-48f6-9696-187b72732be2,What must be done with the list of accepted external authenticators?,0,Non-Hallucinated,,Requires manual annotation,0,0,1,0,0,0,selfcheck,"baseline,ragas,similarity,hybrid,custom",False,False,True
6f2ffa2e-3d56-453b-995e-0ad92eaad57d,What is the focus of the AWS re:Invent 2022 launch related to Trainium?,1,Hallucinated,,Requires manual annotation,0,1,1,1,1,1,baseline,"ragas,selfcheck,similarity,hybrid,custom",False,True,False
702951cb-ab7b-4137-b2c3-2afc68184753,What is the order of elements within each family?,0,Non-Hallucinated,,Requires manual annotation,0,0,1,0,0,0,selfcheck,"baseline,ragas,similarity,hybrid,custom",False,False,True
70c3730c-c174-4790-a4d9-0caf66ea866a,Which standards references are related to cryptographic key management?,1,Hallucinated,,Requires manual annotation,0,1,1,1,1,1,baseline,"ragas,selfcheck,similarity,hybrid,custom",False,True,False
717c84cd-6773-41b0-8d96-39313818897a,What does the CM-9 control require regarding a configuration management plan?,1,Hallucinated,,Requires manual annotation,0,0,1,0,0,1,"baseline,ragas,similarity,hybrid","selfcheck,custom",False,True,False
71cfb4ec-59e1-4a60-a22a-a55b999675a4,What role-based training is required according to the text?,1,Hallucinated,,Requires manual annotation,1,1,1,0,1,1,similarity,"baseline,ragas,selfcheck,hybrid,custom",False,True,False
72d8353e-bbbf-4f46-9a84-7ac6bab891c4,Which Amazon service can be used to set alarms for threshold breaches?,0,Non-Hallucinated,,Requires manual annotation,0,1,0,0,0,1,"ragas,custom","baseline,selfcheck,similarity,hybrid",False,False,True
7363c602-09b7-407a-8510-0b039ed9f4f5,What type of reports does ITL produce?,0,Non-Hallucinated,,Requires manual annotation,1,1,1,0,1,0,"baseline,ragas,selfcheck,hybrid","similarity,custom",False,False,True
74128f82-482d-4eec-9846-b853b8c3dc0f,What is an exposure finding in the context of Security Hub?,1,Hallucinated,,Requires manual annotation,0,1,1,1,1,1,baseline,"ragas,selfcheck,similarity,hybrid,custom",False,True,False
741920fe-c7d4-4e38-a239-207741b9e271,Which document specifies the details of HTTP semantics?,1,Hallucinated,,Requires manual annotation,0,1,1,0,1,1,"baseline,similarity","ragas,selfcheck,hybrid,custom",False,True,False
760f13d4-e9f6-459e-a27c-adb15045e893,"What are the conditions for marking hardware components that process, store, or transmit public information?",1,Hallucinated,,Requires manual annotation,1,0,1,0,0,0,"ragas,similarity,hybrid,custom","baseline,selfcheck",False,True,False
76369abb-1b00-4b04-98b4-af1c808ecc8f,What systems should be verified according to the security requirements related to user session management?,1,Hallucinated,,Requires manual annotation,0,1,1,0,1,1,"baseline,similarity","ragas,selfcheck,hybrid,custom",False,True,False
7667b81b-e737-4373-a9fd-349ae4e0c54e,What are the key factors in measuring the successful operation of a workload?,1,Hallucinated,,Requires manual annotation,0,1,1,0,1,1,"baseline,similarity","ragas,selfcheck,hybrid,custom",False,True,False
76d70eb8-70e2-45a9-a641-bce6f5e45441,What does automatic environmental controls provide an immediate response to?,0,Non-Hallucinated,,Requires manual annotation,0,0,1,0,0,0,selfcheck,"baseline,ragas,similarity,hybrid,custom",False,False,True
77f2809d-4443-4c19-8426-a9e36a50ce33,What must be done after this assignment is made?,1,Hallucinated,,Requires manual annotation,0,1,1,1,1,1,baseline,"ragas,selfcheck,similarity,hybrid,custom",False,True,False
78548838-0293-4752-9621-65c869f871c7,What is the approach suggested for handling old messages when they become irrelevant?,0,Non-Hallucinated,,Requires manual annotation,0,0,1,0,0,0,selfcheck,"baseline,ragas,similarity,hybrid,custom",False,False,True
7878e886-a2e0-439c-9424-fab4c532ad43,What are some sources from which stakeholder protection needs and corresponding security and privacy requirements may be derived?,0,Non-Hallucinated,,Requires manual annotation,0,0,0,0,0,0,,"baseline,ragas,selfcheck,similarity,hybrid,custom",True,False,False
78e4c9eb-e0aa-422e-be63-8eeba70ef804,From where can this publication be accessed for free?,0,Non-Hallucinated,,Requires manual annotation,0,0,1,0,0,0,selfcheck,"baseline,ragas,similarity,hybrid,custom",False,False,True
794fdbb2-5d18-4b82-93cb-8578498d0f89,What factors can lead to the correction or deletion of personally identifiable information?,1,Hallucinated,,Requires manual annotation,0,1,1,0,1,1,"baseline,similarity","ragas,selfcheck,hybrid,custom",False,True,False
796f20ea-d7cf-4537-b52f-0dbe379dc5ba,Which activities are included in CP-4(3)?,0,Non-Hallucinated,,Requires manual annotation,0,0,1,0,0,0,selfcheck,"baseline,ragas,similarity,hybrid,custom",False,False,True
79964c5a-ca4b-4792-836f-82981604c6dd,What is the function of DNSSEC in network security?,1,Hallucinated,,Requires manual annotation,0,0,1,0,0,1,"baseline,ragas,similarity,hybrid","selfcheck,custom",False,True,False
7a7f63fe-1190-497f-8ad2-7621ecc509c7,What does RTO stand for in the context of recovery requirements?,1,Hallucinated,,Requires manual annotation,0,0,1,0,0,1,"baseline,ragas,similarity,hybrid","selfcheck,custom",False,True,False
7b81aa21-67e4-43e5-bb7a-b1ca986ed4d8,How can you identify rightsizing opportunities on AWS?,1,Hallucinated,,Requires manual annotation,0,1,1,1,1,1,baseline,"ragas,selfcheck,similarity,hybrid,custom",False,True,False
7ca2cf05-31ee-4b5e-b540-6ea877991a77,What should an origin server rely on according to the text?,1,Hallucinated,,Requires manual annotation,0,1,1,1,1,1,baseline,"ragas,selfcheck,similarity,hybrid,custom",False,True,False
7d8b09f3-7409-4d13-877c-5ffcd0f6e2dc,What are some benefits of establishing the best practice for credential management as mentioned by AWS Well-Architected Framework?,0,Non-Hallucinated,,Requires manual annotation,0,0,1,0,0,0,selfcheck,"baseline,ragas,similarity,hybrid,custom",False,False,True
7e92ab5d-9162-49ab-ac61-95c9171920ae,What does 'conditional content' refer to in the context of content negotiation?,0,Non-Hallucinated,,Requires manual annotation,0,0,1,0,0,0,selfcheck,"baseline,ragas,similarity,hybrid,custom",False,False,True
7efd9f1a-f2b4-4149-b6f4-64ecec149019,What factors guide the frequency and comprehensiveness of vulnerability monitoring in organizations?,1,Hallucinated,,Requires manual annotation,0,1,1,0,1,1,"baseline,similarity","ragas,selfcheck,hybrid,custom",False,True,False
7f2648cf-146b-48f7-bb16-8f8ca0ed2fd0,What is the definition of mobile code technologies?,1,Hallucinated,,Requires manual annotation,0,1,1,0,1,1,"baseline,similarity","ragas,selfcheck,hybrid,custom",False,True,False
7f2fa59d-330c-4cff-befc-213f4236e984,"What does the text imply about the importance of backing up data, applications, and configuration?",1,Hallucinated,,Requires manual annotation,0,1,1,0,1,1,"baseline,similarity","ragas,selfcheck,hybrid,custom",False,True,False
8010db5d-0de4-4c59-b68f-e3e0358f802a,What is another term for dual authorization mentioned in this text?,0,Non-Hallucinated,,Requires manual annotation,0,0,1,0,0,0,selfcheck,"baseline,ragas,similarity,hybrid,custom",False,False,True
801db6aa-b93e-47b8-88f9-f4afd6e95a16,What benefits do the adopted approaches bring according to the text?,1,Hallucinated,,Requires manual annotation,0,1,1,0,1,1,"baseline,similarity","ragas,selfcheck,hybrid,custom",False,True,False
804d9880-0181-4bf1-b592-634c4832674e,How many field lines can a field section contain?,0,Non-Hallucinated,,Requires manual annotation,0,0,1,0,0,1,"selfcheck,custom","baseline,ragas,similarity,hybrid",False,False,True
808c4159-7d8a-4106-9b95-1e517a33859a,Under what circumstances does a server send a Content-Length header field in a response to a HEAD request?,1,Hallucinated,,Requires manual annotation,1,1,1,0,1,0,"similarity,custom","baseline,ragas,selfcheck,hybrid",False,True,False
80a779b3-e7f6-40e5-840d-77dc54a25e5e,What kind of testing is most effective for conducting red team exercises?,0,Non-Hallucinated,,Requires manual annotation,0,0,1,0,0,0,selfcheck,"baseline,ragas,similarity,hybrid,custom",False,False,True
8217d045-55e5-4d50-aa62-311a6c59c890,What are the benefits of establishing a well-defined organizational unit (OU) structure in AWS according to the provided text?,1,Hallucinated,,Requires manual annotation,0,1,1,0,1,1,"baseline,similarity","ragas,selfcheck,hybrid,custom",False,True,False
82c6605f-2a90-4f0c-bba0-76357d513975,What AWS service is explained in the text?,1,Hallucinated,,Requires manual annotation,0,1,1,1,1,1,baseline,"ragas,selfcheck,similarity,hybrid,custom",False,True,False
82fa36d0-a23a-44ae-8952-5654db27090d,What are the steps for using Amazon EC2 Image Builder?,0,Non-Hallucinated,,Requires manual annotation,1,0,1,0,0,1,"baseline,selfcheck,custom","ragas,similarity,hybrid",False,False,True
83df32d3-58c7-4f16-bf0e-8bebe9f5a1ef,What are octet boundaries used for in HTTP range requests?,1,Hallucinated,,Requires manual annotation,1,1,1,0,1,1,similarity,"baseline,ragas,selfcheck,hybrid,custom",False,True,False
844ad331-e8fc-4167-855f-49020cbc826a,What does the term 'AWS Well-Architected Framework' refer to?,1,Hallucinated,,Requires manual annotation,0,1,1,0,1,1,"baseline,similarity","ragas,selfcheck,hybrid,custom",False,True,False
85cf3179-7c8e-4331-a2a7-9a639c60d6d0,"What types of activities can organizations use to satisfy evidentiary requirements related to service provider contingency plan reviews, testing, and training?",1,Hallucinated,,Requires manual annotation,1,1,1,0,1,0,"similarity,custom","baseline,ragas,selfcheck,hybrid",False,True,False
860821e9-65b5-4c75-9697-ee3cbbf742c5,What are the considerations for resource sparing or resource static stability?,1,Hallucinated,,Requires manual annotation,0,1,1,1,1,1,baseline,"ragas,selfcheck,similarity,hybrid,custom",False,True,False
8654eaa9-8fbe-47b8-a84e-54b29b9e067d,What is an 'authorization boundary' according to OMB A-130?,0,Non-Hallucinated,,Requires manual annotation,0,0,1,0,0,0,selfcheck,"baseline,ragas,similarity,hybrid,custom",False,False,True
8730a007-41f9-42d0-af5f-8e71111d5dad,What is a requirement for employing supply chain controls according to this text?,1,Hallucinated,,Requires manual annotation,0,1,1,0,1,1,"baseline,similarity","ragas,selfcheck,hybrid,custom",False,True,False
87567a5a-100d-49d9-a8a7-ea1ac597a777,What should be periodically reviewed and refined in monitoring strategies?,1,Hallucinated,,Requires manual annotation,0,1,0,1,1,1,"baseline,selfcheck","ragas,similarity,hybrid,custom",False,True,False
8831c535-ddc2-490a-a040-3fd71454e47e,What are some examples of fail-safe procedures for handling failures as described in SI-17?,0,Non-Hallucinated,,Requires manual annotation,0,0,1,0,0,0,selfcheck,"baseline,ragas,similarity,hybrid,custom",False,False,True
885f2998-cd89-48f4-b6a3-7991f3e020ac,What is the requirement for using resources in the provided text?,1,Hallucinated,,Requires manual annotation,0,1,1,1,1,1,baseline,"ragas,selfcheck,similarity,hybrid,custom",False,True,False
8948c922-faf7-48a9-8608-228f51276111,What must an identification and authentication policy address according to the provided text?,0,Non-Hallucinated,,Requires manual annotation,0,0,1,0,0,0,selfcheck,"baseline,ragas,similarity,hybrid,custom",False,False,True
8adbbb2a-2a1c-4a89-8420-9bac1400d2ab,Where can this publication be accessed for free?,0,Non-Hallucinated,,Requires manual annotation,0,0,1,0,0,0,selfcheck,"baseline,ragas,similarity,hybrid,custom",False,False,True
8cf02878-d60d-4cd4-820a-2fd24e8b9dc9,What is the purpose of issuing temporary credentials?,0,Non-Hallucinated,,Requires manual annotation,1,1,1,0,1,1,"baseline,ragas,selfcheck,hybrid,custom",similarity,False,False,True
8db80bfc-5392-43dd-9da8-0cb205026667,What does the text imply about the frequency of reviews for workloads with significant costs?,0,Non-Hallucinated,,Requires manual annotation,0,0,1,0,0,0,selfcheck,"baseline,ragas,similarity,hybrid,custom",False,False,True
8e0c213b-0c7d-401d-8f19-6df4f183fb3b,What is client-side caching?,1,Hallucinated,,Requires manual annotation,0,1,1,0,1,1,"baseline,similarity","ragas,selfcheck,hybrid,custom",False,True,False
8e0cf0e1-6d5e-4a15-b021-06612d8cd3bc,What are the steps involved in defining topics for discussion?,1,Hallucinated,,Requires manual annotation,0,1,0,1,1,1,"baseline,selfcheck","ragas,similarity,hybrid,custom",False,True,False
8e6a2d1a-d414-487a-9138-861a1ebfff22,Why does the media type registry disallow parameters named 'q'?,0,Non-Hallucinated,,Requires manual annotation,1,1,1,0,1,1,"baseline,ragas,selfcheck,hybrid,custom",similarity,False,False,True
8e819d57-f0d8-49f6-b0ea-8ffdb052d626,What method is used to confirm end-user logout?,1,Hallucinated,,Requires manual annotation,1,1,1,0,1,1,similarity,"baseline,ragas,selfcheck,hybrid,custom",False,True,False
8e9acbf3-a78f-45d1-89ca-27f39dc64577,What condition must a server meet to omit sending a 100 (Continue) response?,0,Non-Hallucinated,,Requires manual annotation,1,1,1,0,1,0,"baseline,ragas,selfcheck,hybrid","similarity,custom",False,False,True
8fa4bfe6-abcd-4100-b430-136fb9ce97a0,Who should be alerted upon detection of unauthorized activities according to AU-9?,1,Hallucinated,,Requires manual annotation,0,1,1,0,1,1,"baseline,similarity","ragas,selfcheck,hybrid,custom",False,True,False
8fdc00bd-e6f3-4db4-9c6b-153144671bba,What are some architectural patterns mentioned for supporting data access and storage characteristics?,1,Hallucinated,,Requires manual annotation,0,1,1,0,1,1,"baseline,similarity","ragas,selfcheck,hybrid,custom",False,True,False
91f5eeeb-3e37-456e-86db-b64af555a5b0,"What tool allows setting notifications and defining monthly budgets for AWS costs, usage, and commitment discounts?",1,Hallucinated,,Requires manual annotation,0,1,1,0,1,1,"baseline,similarity","ragas,selfcheck,hybrid,custom",False,True,False
9224f102-0043-4ec9-bb72-c5b244e183ca,What tool is recommended for staying up to date with security threats?,1,Hallucinated,,Requires manual annotation,0,1,1,1,1,1,baseline,"ragas,selfcheck,similarity,hybrid,custom",False,True,False
940b5e60-4ee9-4df3-9aee-83dc03c9e8aa,Who are the contributors mentioned in the text?,1,Hallucinated,,Requires manual annotation,1,1,1,1,1,1,,"baseline,ragas,selfcheck,similarity,hybrid,custom",True,False,False
942f4650-e98d-4990-8413-99ca75083cf2,What monitoring methods should be established for resource constraints?,1,Hallucinated,,Requires manual annotation,0,1,1,0,1,1,"baseline,similarity","ragas,selfcheck,hybrid,custom",False,True,False
949763d6-412a-42d1-b307-353c85f4c762,What tools are mentioned for preventing data loss and leakage?,1,Hallucinated,,Requires manual annotation,0,1,1,0,1,1,"baseline,similarity","ragas,selfcheck,hybrid,custom",False,True,False
94a93634-0991-4279-b32d-e3ff77e25e26,How is account management addressed according to the text?,1,Hallucinated,,Requires manual annotation,0,1,1,0,1,1,"baseline,similarity","ragas,selfcheck,hybrid,custom",False,True,False
95f52bbe-6635-463f-8358-45dc87dbd48d,What does WebSocket provide in terms of communication?,1,Hallucinated,,Requires manual annotation,0,0,1,0,0,1,"baseline,ragas,similarity,hybrid","selfcheck,custom",False,True,False
9630eea4-6151-45e8-ace0-0f29fe91b4af,How does an effective incident handling capability involve coordination?,1,Hallucinated,,Requires manual annotation,0,1,1,0,1,1,"baseline,similarity","ragas,selfcheck,hybrid,custom",False,True,False
9870b095-6026-44ed-abc0-036808f59787,What are pre-defined IAM policies provided by AWS?,1,Hallucinated,,Requires manual annotation,0,1,1,0,1,1,"baseline,similarity","ragas,selfcheck,hybrid,custom",False,True,False
987ef914-f137-481b-af46-036680e75d23,How can you validate the integrity of your build environments?,1,Hallucinated,,Requires manual annotation,0,1,1,0,1,1,"baseline,similarity","ragas,selfcheck,hybrid,custom",False,True,False
990346ec-cda2-4817-b224-f5f987c65ac5,What characteristics define a mobile device according to the provided text?,0,Non-Hallucinated,,Requires manual annotation,0,0,1,0,0,0,selfcheck,"baseline,ragas,similarity,hybrid,custom",False,False,True
9939a516-49b3-476a-878b-e0e9659237fd,How does the principle of reduced complexity apply in security analysis?,1,Hallucinated,,Requires manual annotation,0,1,1,1,1,1,baseline,"ragas,selfcheck,similarity,hybrid,custom",False,True,False
9a22eb75-da5b-4af3-b7fc-d68965a9f839,Are manual procedures or automated mechanisms allowed for establishing and managing cryptographic keys according to NIST SP 800-171r3?,1,Hallucinated,,Requires manual annotation,0,1,1,0,1,1,"baseline,similarity","ragas,selfcheck,hybrid,custom",False,True,False
9a401a61-b885-4f5e-a5e8-67d6cfb22562,What is the purpose of automated flaw remediation status?,1,Hallucinated,,Requires manual annotation,0,1,1,0,1,1,"baseline,similarity","ragas,selfcheck,hybrid,custom",False,True,False
9af0c437-b4f3-48ec-bdbf-c8b030559684,What is required about the entropy of a reference token if it is used?,1,Hallucinated,,Requires manual annotation,0,1,1,0,1,1,"baseline,similarity","ragas,selfcheck,hybrid,custom",False,True,False
9ca8f486-123b-43c7-982b-ffff782ad398,What might be needed if there is a requirement for managing throughput?,1,Hallucinated,,Requires manual annotation,0,1,1,1,1,1,baseline,"ragas,selfcheck,similarity,hybrid,custom",False,True,False
9d12fa51-d6e5-4c07-80e9-e799b3401d5d,"What document must contain approvals, consents, and detailed operational conditions regarding the use of foreign nationals for maintenance and diagnostic activities on classified systems?",0,Non-Hallucinated,,Requires manual annotation,0,0,1,0,0,0,selfcheck,"baseline,ragas,similarity,hybrid,custom",False,False,True
9eff5867-b9a9-4beb-ae1b-0934bfc9bc0c,What is defined as remote access in the discussion?,0,Non-Hallucinated,,Requires manual annotation,0,0,1,0,0,0,selfcheck,"baseline,ragas,similarity,hybrid,custom",False,False,True
a05f5eb6-0a91-435a-bb5f-b31dbf608cf6,What is the first step recommended by AWS Well-Architected Framework for implementing access management?,0,Non-Hallucinated,,Requires manual annotation,0,1,1,1,1,0,"ragas,selfcheck,similarity,hybrid","baseline,custom",False,False,True
a09b25c6-9d72-476f-b1f5-6bc2ff5a7390,"What conditions must be met for a client to use a validator in an If-Modified-Since, If-Unmodified-Since, or If-Range header field?",1,Hallucinated,,Requires manual annotation,1,1,1,0,1,1,similarity,"baseline,ragas,selfcheck,hybrid,custom",False,True,False
a47a6574-98b8-4e90-8d90-a7d7733e8dd7,What are the two actions specified in AU-13 MONITORING FOR INFORMATION DISCLOSURE control?,0,Non-Hallucinated,,Requires manual annotation,0,1,1,0,1,0,"ragas,selfcheck,hybrid","baseline,similarity,custom",False,False,True
a4d5881c-d57a-4dc3-9fbf-8dccb202ccfc,What determines the frequency at which certain aspects are reviewed?,1,Hallucinated,,Requires manual annotation,0,1,1,0,1,1,"baseline,similarity","ragas,selfcheck,hybrid,custom",False,True,False
a59aac82-c711-4356-af2f-1dcb0d48ab09,What does OPSEC refer to in this context?,1,Hallucinated,,Requires manual annotation,0,0,1,0,0,1,"baseline,ragas,similarity,hybrid","selfcheck,custom",False,True,False
a65e6e79-1045-4691-b382-f872b987af6b,What must be identified before setting agreements between teams based on OPS02-BP02 and OPS02-BP03?,0,Non-Hallucinated,,Requires manual annotation,0,0,1,0,0,0,selfcheck,"baseline,ragas,similarity,hybrid,custom",False,False,True
a759b7ef-6bb5-4fc5-b569-f06fff66c33a,What must an organization do when it provides for the operation of a system of records to accomplish an organizational mission or function?,0,Non-Hallucinated,,Requires manual annotation,0,0,1,0,0,0,selfcheck,"baseline,ragas,similarity,hybrid,custom",False,False,True
a797d00c-aedc-492d-ad31-198fd381709d,Where can one find instructions for using temporary credentials with AWS resources?,1,Hallucinated,,Requires manual annotation,1,1,1,0,1,1,similarity,"baseline,ragas,selfcheck,hybrid,custom",False,True,False
a7d1c55f-cc07-4d8b-bde5-591aca191733,How can separation of costs be achieved in AWS?,1,Hallucinated,,Requires manual annotation,0,1,1,0,1,1,"baseline,similarity","ragas,selfcheck,hybrid,custom",False,True,False
a860e37f-b4c7-4963-97d9-3db6035e2344,What is least privilege?,1,Hallucinated,,Requires manual annotation,0,0,0,0,0,1,"baseline,ragas,selfcheck,similarity,hybrid",custom,False,True,False
a8c64722-9e97-4efc-af06-5fef53e6f966,What should teams do to ensure their members have the authority to take action when there is a predefined level of risk?,0,Non-Hallucinated,,Requires manual annotation,0,1,1,0,1,1,"ragas,selfcheck,hybrid,custom","baseline,similarity",False,False,True
acc4f41a-ac27-4730-8132-c40884535768,What should be included as part of emergency access processes according to SEC10-BP02?,1,Hallucinated,,Requires manual annotation,0,1,1,0,1,1,"baseline,similarity","ragas,selfcheck,hybrid,custom",False,True,False
ad65598c-ec0f-4d6e-b547-a8999df43133,What methods can personnel use to identify potentially suspicious emails?,0,Non-Hallucinated,,Requires manual annotation,0,0,1,0,0,0,selfcheck,"baseline,ragas,similarity,hybrid,custom",False,False,True
ae60a31a-f508-47d5-9395-8dd4f3e108ec,What are some domains where security controls should be implemented according to the text?,1,Hallucinated,,Requires manual annotation,0,0,1,0,0,1,"baseline,ragas,similarity,hybrid","selfcheck,custom",False,True,False
ae750b63-f88a-47a0-bb6f-85f5b592b394,What are security and privacy attributes according to the given text?,1,Hallucinated,,Requires manual annotation,0,1,1,0,1,1,"baseline,similarity","ragas,selfcheck,hybrid,custom",False,True,False
aeacbe7e-3a51-4dcb-a61a-ab00af16cb80,What are the adverse impacts of skewed utilization in either direction?,0,Non-Hallucinated,,Requires manual annotation,0,0,1,0,0,1,"selfcheck,custom","baseline,ragas,similarity,hybrid",False,False,True
af9b3926-8540-4867-aa83-15b7e104781a,What are the potential risks when a client ignores the server's identity?,0,Non-Hallucinated,,Requires manual annotation,0,0,1,0,0,0,selfcheck,"baseline,ragas,similarity,hybrid,custom",False,False,True
b17803e6-9c1f-4ae6-aee8-683caf2c0cd5,What specific measure does the text suggest for Java Naming and Directory Interface (JNDI) queries?,0,Non-Hallucinated,,Requires manual annotation,0,0,1,1,0,0,"selfcheck,similarity","baseline,ragas,hybrid,custom",False,False,True
b17e16e1-5853-4587-bf42-376d3a48dcbb,What is the purpose of the Via header field in a TRACE request?,1,Hallucinated,,Requires manual annotation,0,1,1,0,1,1,"baseline,similarity","ragas,selfcheck,hybrid,custom",False,True,False
b40ef491-9213-451c-8eed-02dabbe2e374,How should field access be considered in relation to user permissions?,1,Hallucinated,,Requires manual annotation,0,0,1,0,0,1,"baseline,ragas,similarity,hybrid","selfcheck,custom",False,True,False
b6eb09c5-ec36-4793-826b-7befb4aef0d1,What does the term 'user agent' refer to?,1,Hallucinated,,Requires manual annotation,0,0,1,0,0,1,"baseline,ragas,similarity,hybrid","selfcheck,custom",False,True,False
b8b1d5d2-0848-44ad-b084-63a5cc361372,What is the fundamental design objective of minimizing specific portions of systems that provide information security?,1,Hallucinated,,Requires manual annotation,0,0,1,0,0,1,"baseline,ragas,similarity,hybrid","selfcheck,custom",False,True,False
b92ca9b8-812e-4bf6-b273-e1a867f35904,Which character set was historically used for field content in HTTP?,0,Non-Hallucinated,,Requires manual annotation,0,0,1,0,0,0,selfcheck,"baseline,ragas,similarity,hybrid,custom",False,False,True
bba3adfd-5180-4aac-9782-f42c0f096386,What is a trust anchor in cryptographic systems with a hierarchical structure?,0,Non-Hallucinated,,Requires manual annotation,0,0,1,0,0,0,selfcheck,"baseline,ragas,similarity,hybrid,custom",False,False,True
bbcc16b5-46eb-4129-8967-96332f865de8,What type of software is recommended to reduce licensing costs according to the text?,0,Non-Hallucinated,,Requires manual annotation,0,1,1,0,1,1,"ragas,selfcheck,hybrid,custom","baseline,similarity",False,False,True
bca99061-a902-4d0c-8f1a-3b1953908609,What types of examinations are included in a technical surveillance countermeasures survey?,1,Hallucinated,,Requires manual annotation,0,0,1,0,0,1,"baseline,ragas,similarity,hybrid","selfcheck,custom",False,True,False
bebb9b70-a5c2-441c-bf1f-ab01bd5d5499,What tool is mentioned for monitoring end-to-end tracing in the AWS Well-Architected Framework?,1,Hallucinated,,Requires manual annotation,0,1,1,1,1,1,baseline,"ragas,selfcheck,similarity,hybrid,custom",False,True,False
bfba75de-e2f6-4264-bfad-7ed72b79fa06,What is the condition for some material in this document to be under a different license than the IETF Trust's?,0,Non-Hallucinated,,Requires manual annotation,0,0,1,0,0,0,selfcheck,"baseline,ragas,similarity,hybrid,custom",False,False,True
c0522fa3-d8e2-4864-bd8f-a6338884a1ff,What does the establishment of specific configuration settings become part of?,0,Non-Hallucinated,,Requires manual annotation,0,0,1,0,0,0,selfcheck,"baseline,ragas,similarity,hybrid,custom",False,False,True
c32b8a17-036a-47d1-a62d-4de76fe7ec81,What is the purpose of SR-08 Notification Agreements as stated in the text?,1,Hallucinated,,Requires manual annotation,0,1,1,0,1,1,"baseline,similarity","ragas,selfcheck,hybrid,custom",False,True,False
c3862bcb-e4d5-4cb2-a0bf-ab0fbedad3b0,What is one way to manage capacity as mentioned in the provided text?,1,Hallucinated,,Requires manual annotation,0,1,1,0,1,1,"baseline,similarity","ragas,selfcheck,hybrid,custom",False,True,False
c41e2227-f151-4a5a-a9ba-f8e930cf26e0,What is AWS Health used for in the context of AWS Well-Architected best practices?,0,Non-Hallucinated,,Requires manual annotation,0,1,1,0,1,1,"ragas,selfcheck,hybrid,custom","baseline,similarity",False,False,True
c4a2cdb2-1cbc-4327-997b-b0138efc8172,What type of blog post is the 'Build private and secure enterprise generative AI apps with Amazon Q Business and AWS IAM Identity Center' reference?,0,Non-Hallucinated,,Requires manual annotation,0,1,1,0,1,1,"ragas,selfcheck,hybrid,custom","baseline,similarity",False,False,True
c4c015a8-5616-4adb-8aac-3d040488dad6,What is the purpose of using Amazon CloudWatch Logs Live Tail?,1,Hallucinated,,Requires manual annotation,0,1,1,0,1,0,"baseline,similarity,custom","ragas,selfcheck,hybrid",False,True,False
c520c893-9559-4b6f-9962-ba5a569de9be,What does the text suggest about data consistency across different systems?,1,Hallucinated,,Requires manual annotation,0,1,1,0,1,1,"baseline,similarity","ragas,selfcheck,hybrid,custom",False,True,False
c521054a-b233-4f48-b047-a2d29913fb04,What should be included in a code review checklist or guidelines according to the AWS Well-Architected Framework?,1,Hallucinated,,Requires manual annotation,0,1,1,0,1,1,"baseline,similarity","ragas,selfcheck,hybrid,custom",False,True,False
c534ea0c-4253-47ba-bcb2-22e40834b88b,What are the steps to set up a regular cycle for cost optimization according to the text?,1,Hallucinated,,Requires manual annotation,1,1,1,0,1,1,similarity,"baseline,ragas,selfcheck,hybrid,custom",False,True,False
c61bc529-7501-47ca-9c57-a94fcd0c9518,What does unstructured data refer to?,0,Non-Hallucinated,,Requires manual annotation,0,1,1,0,1,0,"ragas,selfcheck,hybrid","baseline,similarity,custom",False,False,True
c62c0a59-ab2b-41e3-a427-2d537d14539c,What regular actions should be taken regarding the team size and skills?,1,Hallucinated,,Requires manual annotation,0,1,1,1,1,1,baseline,"ragas,selfcheck,similarity,hybrid,custom",False,True,False
c667e930-6879-4194-bd44-c08917dea68e,What are some criteria mentioned for authorization and personnel screening?,1,Hallucinated,,Requires manual annotation,0,1,1,0,1,1,"baseline,similarity","ragas,selfcheck,hybrid,custom",False,True,False
c67154c0-7578-4a9a-964d-3e2fd6a75a5f,What is an example of a technology that can support both reads and writes with frequent access patterns?,1,Hallucinated,,Requires manual annotation,0,1,1,1,1,1,baseline,"ragas,selfcheck,similarity,hybrid,custom",False,True,False
c6734bcc-79eb-49d0-9d71-b48a627d11ed,What type of credentials are considered the most secure according to the provided text?,1,Hallucinated,,Requires manual annotation,0,1,1,1,1,1,baseline,"ragas,selfcheck,similarity,hybrid,custom",False,True,False
c697d53b-d6b0-40ef-b802-42a142cf8ce0,What is required to be designated according to the text for managing physical and environmental protection policy and procedures?,0,Non-Hallucinated,,Requires manual annotation,0,0,1,0,0,0,selfcheck,"baseline,ragas,similarity,hybrid,custom",False,False,True
c7167110-b305-456a-9d82-53b2821102c6,What is one of the processes suggested for improvement opportunities according to the text?,1,Hallucinated,,Requires manual annotation,0,1,1,0,1,0,"baseline,similarity,custom","ragas,selfcheck,hybrid",False,True,False
c7ae8472-ee14-4326-bc5b-9b656192fd7a,Under which condition should the RWS rule be used according to the text?,0,Non-Hallucinated,,Requires manual annotation,0,0,1,0,0,0,selfcheck,"baseline,ragas,similarity,hybrid,custom",False,False,True
c820bbb5-948b-47b7-82bb-d462a68321f5,What are two functions that accountability and traceability serve?,0,Non-Hallucinated,,Requires manual annotation,0,0,1,0,0,0,selfcheck,"baseline,ragas,similarity,hybrid,custom",False,False,True
c8fcd449-b62e-4c60-b04e-5a06cb906666,What are some common anti-patterns in implementing security controls according to AWS Well-Architected Framework?,1,Hallucinated,,Requires manual annotation,0,1,1,1,1,1,baseline,"ragas,selfcheck,similarity,hybrid,custom",False,True,False
c99e05ac-b3c2-459d-953c-4ddde0578f89,What is the purpose of selecting specific locations for resources in terms of network performance?,1,Hallucinated,,Requires manual annotation,0,0,1,0,0,1,"baseline,ragas,similarity,hybrid","selfcheck,custom",False,True,False
caa40ac7-e906-4056-993f-b0f78c9f1870,What is an example of a riskier approach some clients might take when attempting automatic retries?,0,Non-Hallucinated,,Requires manual annotation,0,0,1,0,0,0,selfcheck,"baseline,ragas,similarity,hybrid,custom",False,False,True
cb030ca1-6b86-4d94-b8d3-848ed8cc5ed5,What uncertainty exists when deploying infrastructure as code (IaC)?,0,Non-Hallucinated,,Requires manual annotation,0,1,1,0,1,1,"ragas,selfcheck,hybrid,custom","baseline,similarity",False,False,True
cce322a5-501f-478d-b6c2-9459e463296c,Can a 404 response be cached?,0,Non-Hallucinated,,Requires manual annotation,0,0,1,0,0,0,selfcheck,"baseline,ragas,similarity,hybrid,custom",False,False,True
ccf03490-4bce-4753-9ed7-587eef7eaaef,What type of keys does AWS manage and use on behalf of the user?,1,Hallucinated,,Requires manual annotation,1,1,1,0,1,1,similarity,"baseline,ragas,selfcheck,hybrid,custom",False,True,False
cf618347-dfeb-4c51-bd1c-267e84077657,What can the analysis of behaviors in a deception environment provide?,0,Non-Hallucinated,,Requires manual annotation,0,0,1,0,0,0,selfcheck,"baseline,ragas,similarity,hybrid,custom",False,False,True
d4ef5144-44f2-46a5-b245-53a9b3d28626,Which controls are related to the given context?,1,Hallucinated,,Requires manual annotation,1,1,1,1,1,1,,"baseline,ragas,selfcheck,similarity,hybrid,custom",True,False,False
d5ea8f3d-0eab-4dab-8974-3d30da9607b5,What is a 'reverse proxy'?,1,Hallucinated,,Requires manual annotation,1,1,1,0,1,1,similarity,"baseline,ragas,selfcheck,hybrid,custom",False,True,False
d5faedcb-61fc-4259-9e74-44dbfb89aadc,What additional recovery flows are available to log into the AWS root user account?,0,Non-Hallucinated,,Requires manual annotation,0,0,1,0,0,0,selfcheck,"baseline,ragas,similarity,hybrid,custom",False,False,True
d8789fe4-5aa4-42aa-a7b0-d9cde8c66ac2,What control is related to the concept of security certification?,0,Non-Hallucinated,,Requires manual annotation,0,1,1,1,1,1,"ragas,selfcheck,similarity,hybrid,custom",baseline,False,False,True
da2bb590-b7fc-4c31-815a-162d0fbc7167,How are trailer fields processed when multiple lines with the same name are received?,0,Non-Hallucinated,,Requires manual annotation,1,0,1,0,0,0,"baseline,selfcheck","ragas,similarity,hybrid,custom",False,False,True
dabdf504-c1c9-4712-bce2-bb0814d6f7fe,What are some characteristics of a 204 response?,1,Hallucinated,,Requires manual annotation,1,1,1,0,1,1,similarity,"baseline,ragas,selfcheck,hybrid,custom",False,True,False
dbd6f789-1e4f-4c84-b550-41740b5dd15a,What are the features of AWS Global Infrastructure?,1,Hallucinated,,Requires manual annotation,0,1,1,0,1,1,"baseline,similarity","ragas,selfcheck,hybrid,custom",False,True,False
dcca52db-cae7-46ce-8b66-c38fc2fea283,"What does NIST SP 800-53, REV. 5 require regarding remote access disconnection?",0,Non-Hallucinated,,Requires manual annotation,0,1,1,0,1,0,"ragas,selfcheck,hybrid","baseline,similarity,custom",False,False,True
dd1a7762-99c4-4764-aebd-b3189b7cda8b,What are the entities that provide supply chain governance according to the text?,0,Non-Hallucinated,,Requires manual annotation,0,0,1,0,0,0,selfcheck,"baseline,ragas,similarity,hybrid,custom",False,False,True
dd909141-476b-47ea-a0da-72ab70e87753,What should be maintained to serve as a reference for future incidents and prevention efforts?,0,Non-Hallucinated,,Requires manual annotation,0,0,0,0,0,0,,"baseline,ragas,selfcheck,similarity,hybrid,custom",True,False,False
df1b8b39-37e1-40af-8c16-c0d4beb7b608,What types of controls do organizations use to ensure software performs only intended functions?,0,Non-Hallucinated,,Requires manual annotation,0,0,1,0,0,1,"selfcheck,custom","baseline,ragas,similarity,hybrid",False,False,True
df935005-4cbe-45d4-bf17-e43a03804fc2,What is the definition of a nonfederal system?,0,Non-Hallucinated,,Requires manual annotation,0,0,1,0,0,0,selfcheck,"baseline,ragas,similarity,hybrid,custom",False,False,True
e2031d77-cb5f-4c9c-90d5-ae5b06f66345,What is the purpose of using automation according to the AWS Well-Architected Framework?,1,Hallucinated,,Requires manual annotation,0,1,1,1,1,1,baseline,"ragas,selfcheck,similarity,hybrid,custom",False,True,False
e2f3e537-9d9f-447a-b4ac-758ad581f783,Which services do Gateway VPC endpoints support according to the text?,0,Non-Hallucinated,,Requires manual annotation,0,0,1,0,0,0,selfcheck,"baseline,ragas,similarity,hybrid,custom",False,False,True
e34f1b12-1f6c-444a-a9c4-ac70f5917053,Who must organizations consult with to address privacy concerns when deploying asset location technologies?,1,Hallucinated,,Requires manual annotation,0,0,1,0,0,1,"baseline,ragas,similarity,hybrid","selfcheck,custom",False,True,False
e3b07137-ebd1-4362-b24a-e615520e2ae5,Which physical access control requirement includes monitoring equipment?,1,Hallucinated,,Requires manual annotation,0,1,1,0,1,1,"baseline,similarity","ragas,selfcheck,hybrid,custom",False,True,False
e3cba716-e9c2-4adc-924d-f3d119befd1a,What type of packets should the media server verify it can process continuously?,0,Non-Hallucinated,,Requires manual annotation,0,0,1,0,0,0,selfcheck,"baseline,ragas,similarity,hybrid,custom",False,False,True
e45908bc-1718-48ec-877d-f6af83c8b6f2,What does simply restating controls not constitute?,0,Non-Hallucinated,,Requires manual annotation,0,0,1,0,0,0,selfcheck,"baseline,ragas,similarity,hybrid,custom",False,False,True
e712a685-a97e-4aa0-89dd-6246aa1cd7e3,What protocol should be allowed by a security group to an application load balancer or Amazon EC2 instance according to the latest standards?,0,Non-Hallucinated,,Requires manual annotation,0,1,0,0,0,1,"ragas,custom","baseline,selfcheck,similarity,hybrid",False,False,True
e734a450-832d-4c84-9475-d30e3d56e484,What is the consequence of not removing unused assets according to AWS Well-Architected Framework?,0,Non-Hallucinated,,Requires manual annotation,1,1,1,0,1,0,"baseline,ragas,selfcheck,hybrid","similarity,custom",False,False,True
e82cd60b-2e91-467c-acd5-9d887e771d2d,What mechanism should a third party provide to automate and ensure an auditable setup of cross-account roles?,0,Non-Hallucinated,,Requires manual annotation,0,1,1,0,1,0,"ragas,selfcheck,hybrid","baseline,similarity,custom",False,False,True
e85fe87f-2c6b-4ca5-852f-465ea47f31b8,What standards provide information on security architecture and design?,1,Hallucinated,,Requires manual annotation,0,1,1,0,1,0,"baseline,similarity,custom","ragas,selfcheck,hybrid",False,True,False
e86c5f56-800a-462a-bcb1-80334b31943c,What must workloads with high availability requirements be architected for?,1,Hallucinated,,Requires manual annotation,0,1,1,0,1,1,"baseline,similarity","ragas,selfcheck,hybrid,custom",False,True,False
e894d0f8-5e20-474f-93a7-561b6ab949e8,What is the current state of knowledge management within the organization?,1,Hallucinated,,Requires manual annotation,1,1,1,1,1,1,,"baseline,ragas,selfcheck,similarity,hybrid,custom",True,False,False
e9200fd2-fd2e-474f-8514-cf09a887f8c3,What must be required for users to assume the dedicated incident response IAM roles?,1,Hallucinated,,Requires manual annotation,0,1,1,1,1,1,baseline,"ragas,selfcheck,similarity,hybrid,custom",False,True,False
e9c6ae6f-71d2-4e73-992c-948b0f6d0961,What should be implemented if issues are detected during a canary deployment?,0,Non-Hallucinated,,Requires manual annotation,0,0,0,0,0,0,,"baseline,ragas,selfcheck,similarity,hybrid,custom",True,False,False
e9fe237c-5a77-42b1-8efb-a13d5d5b9379,What is the potential risk if the best practice of configuring billing and cost management tools according to AWS Well-Architected Framework is not established?,0,Non-Hallucinated,,Requires manual annotation,0,1,1,1,1,1,"ragas,selfcheck,similarity,hybrid,custom",baseline,False,False,True
ea333a2f-e183-4d89-a9b2-d8233e0682f0,What steps should be taken when assigning personnel for operating and supporting a workload?,1,Hallucinated,,Requires manual annotation,0,0,1,0,0,1,"baseline,ragas,similarity,hybrid","selfcheck,custom",False,True,False
ea7c7bbf-25fe-450b-8681-8d04896498c1,What is recommended for ensuring complex or critical recovery paths work in production?,1,Hallucinated,,Requires manual annotation,0,1,1,0,1,1,"baseline,similarity","ragas,selfcheck,hybrid,custom",False,True,False
ebae81e0-11ad-4e25-b399-fd93d926ee26,Where does GuardDuty pull independent data streams directly from?,0,Non-Hallucinated,,Requires manual annotation,1,0,1,0,0,0,"baseline,selfcheck","ragas,similarity,hybrid,custom",False,False,True
ebe167b1-0a12-49cd-bf90-95c87d731b8d,What is the purpose of reviewing and revising protection needs according to the provided text? ,1,Hallucinated,,Requires manual annotation,0,1,1,1,1,0,"baseline,custom","ragas,selfcheck,similarity,hybrid",False,True,False
ec326bda-58f3-4438-a493-1f0713e7a50b,What must the application ensure when using objects to represent data items and accepting these via external APIs?,1,Hallucinated,,Requires manual annotation,0,1,1,0,1,0,"baseline,similarity,custom","ragas,selfcheck,hybrid",False,True,False
ec5e142c-93e4-4659-8620-f20bc0f904b7,What does a Content-Location field in a 2xx response indicate about the relationship between the Content-Location value and the target URI?,1,Hallucinated,,Requires manual annotation,1,1,1,0,1,1,similarity,"baseline,ragas,selfcheck,hybrid,custom",False,True,False
ecd9efd0-31f4-4058-94a6-84f63673074d,What is a common anti-pattern related to IP range conflicts in VPCs?,0,Non-Hallucinated,,Requires manual annotation,0,0,1,0,0,0,selfcheck,"baseline,ragas,similarity,hybrid,custom",False,False,True
ece0d573-9894-4b72-bb0d-908f5b5e1b5d,What does AWS Service Quotas refer to in the provided text?,1,Hallucinated,,Requires manual annotation,0,1,1,0,1,1,"baseline,similarity","ragas,selfcheck,hybrid,custom",False,True,False
ee03816e-2ca0-4c80-8258-4059cf46729a,What is the definition of counterfeit provided in SP 800-161?,0,Non-Hallucinated,,Requires manual annotation,0,0,1,0,0,0,selfcheck,"baseline,ragas,similarity,hybrid,custom",False,False,True
f23aad70-71a0-4c48-8bcd-b59b1b545942,Which family includes 'Personnel Security' as a member control?,1,Hallucinated,,Requires manual annotation,0,1,1,1,1,1,baseline,"ragas,selfcheck,similarity,hybrid,custom",False,True,False
f54aa13b-d9fd-4d8c-8231-0cb926012110,What distinguishes the focus of PL-8 from that of developer security and privacy architecture and design?,0,Non-Hallucinated,,Requires manual annotation,1,0,1,0,0,0,"baseline,selfcheck","ragas,similarity,hybrid,custom",False,False,True
f5883289-8019-4037-8051-d39271af025b,How can deployment processes be tested according to the AWS Well-Architected Framework's guidance?,1,Hallucinated,,Requires manual annotation,0,1,1,0,1,1,"baseline,similarity","ragas,selfcheck,hybrid,custom",False,True,False
f5a7f1db-1903-42bf-a207-b745de0d60bb,What is the purpose of Experiment with failure using resilience testing?,0,Non-Hallucinated,,Requires manual annotation,0,1,1,0,1,1,"ragas,selfcheck,hybrid,custom","baseline,similarity",False,False,True
f5e272bb-4a87-4e8f-8faf-25c72e971a2e,What can ASVS be used as a basis for during application development?,1,Hallucinated,,Requires manual annotation,0,0,1,0,0,0,"baseline,ragas,similarity,hybrid,custom",selfcheck,False,True,False
f69b2626-cd1b-4c0c-9928-ce2941718751,What are the roles defined in OAuth?,1,Hallucinated,,Requires manual annotation,0,1,1,0,1,1,"baseline,similarity","ragas,selfcheck,hybrid,custom",False,True,False
f838bf7c-bc4a-4fb4-80cb-650be13665d2,What does the term 'id_token_hint' refer to in the context of logout requests?,1,Hallucinated,,Requires manual annotation,0,0,1,0,0,1,"baseline,ragas,similarity,hybrid","selfcheck,custom",False,True,False
f937b512-7063-4dbf-80e2-239c755b6ade,What action is taken if the DTLS certificate does not match the Session Description Protocol (SDP) fingerprint attribute?,0,Non-Hallucinated,,Requires manual annotation,0,0,1,0,0,0,selfcheck,"baseline,ragas,similarity,hybrid,custom",False,False,True
faa67ce0-c41f-487b-b269-bbb1ab667ccd,"Where can NIST SP 800-53, REV. 5 be obtained for free?",0,Non-Hallucinated,,Requires manual annotation,0,0,1,0,0,0,selfcheck,"baseline,ragas,similarity,hybrid,custom",False,False,True
fc95b2b2-aa2e-4d69-8a2c-27de5e0ea04c,What is the purpose of interactive application security testing according to the provided text?,0,Non-Hallucinated,,Requires manual annotation,1,1,1,0,1,1,"baseline,ragas,selfcheck,hybrid,custom",similarity,False,False,True
fdbf0ee3-6a89-4a90-b987-22aa7d7a51fa,What is a method for refining Permissions in the context of IAM?,1,Hallucinated,,Requires manual annotation,0,1,1,1,1,1,baseline,"ragas,selfcheck,similarity,hybrid,custom",False,True,False
fe783737-b5bb-4cb0-9cb1-8675b62481ae,What scenario does 'on behalf of (an agency)' describe?,1,Hallucinated,,Requires manual annotation,0,1,1,1,1,1,baseline,"ragas,selfcheck,similarity,hybrid,custom",False,True,False
fea09291-1313-47e3-a015-5eca5da3bd8c,Is the TSP program only in effect during major disasters or attacks?,0,Non-Hallucinated,,Requires manual annotation,0,0,1,0,0,0,selfcheck,"baseline,ragas,similarity,hybrid,custom",False,False,True
fea513e1-fd66-4aee-863f-79442f2c71cf,What document is related to ensuring idempotency in this context?,1,Hallucinated,,Requires manual annotation,0,0,1,1,0,1,"baseline,ragas,hybrid","selfcheck,similarity,custom",False,True,False
fef1ce58-6610-4dfb-bae4-8580a8760f2d,What can the identification of the control implementation approach result in for organizations?,0,Non-Hallucinated,,Requires manual annotation,0,0,1,0,0,0,selfcheck,"baseline,ragas,similarity,hybrid,custom",False,False,True
ff0b2992-b20d-42b0-86c6-6869df3fb706,What actions should be taken regarding privileged role or attribute assignments according to the provided text?,0,Non-Hallucinated,,Requires manual annotation,0,0,1,0,0,0,selfcheck,"baseline,ragas,similarity,hybrid,custom",False,False,True
ff8371e1-f554-4444-85e5-c25d1ce8a6aa,What does the text suggest about understanding networking for performance?,0,Non-Hallucinated,,Requires manual annotation,0,1,1,0,1,0,"ragas,selfcheck,hybrid","baseline,similarity,custom",False,False,True
fff7c7dc-b91a-4108-a5ae-2d4f05a3a5d6,What is the purpose of implementing a process for plans of action and milestones according to PM-4?,0,Non-Hallucinated,,Requires manual annotation,0,0,1,1,0,0,"selfcheck,similarity","baseline,ragas,hybrid,custom",False,False,True
