id,question_type,difficulty,source_doc,human,semantic_answer_rag,semantic_evidence_rag,keyword_overlap,jaccard_similarity,token_overlap,coverage_ratio,unsupported_word_ratio,length_ratio,answer_token_count,evidence_token_count,rag_answer_token_count,entity_overlap,entity_missing,entity_extra,number_match,number_mismatch,number_extra,date_match,date_mismatch,date_extra,technical_term_overlap,technical_term_missing,technical_term_extra,technical_consistency_mismatch,reference_entity_count,rag_entity_count,reference_number_count,rag_number_count
664381bb-2454-4da0-ad77-90093a3c56f6,requirement,medium,docs/rfc9110.pdf,0,0.9142811298370361,0.8984298706054688,0.6666666666666666,0.48484848484848486,0.5517241379310345,0.5517241379310345,0.2,0.41379310344827586,39.0,81.0,42.0,0.0,1.0,0.0,0.0,0.0,0.0,0.0,0.0,0.0,0.5,0.5,0.0,0.5,1.0,0.0,0.0,0.0
b6eb09c5-ec36-4793-826b-7befb4aef0d1,definition,easy,docs/rfc9110.pdf,1,0.4551379382610321,0.8623521327972412,0.25,0.14634146341463414,0.6666666666666666,0.6666666666666666,0.8421052631578947,2.7142857142857144,9.0,15.0,51.0,0.0,0.0,1.0,0.0,0.0,0.0,0.0,0.0,0.0,0.0,0.0,0.0,0.0,0.0,2.0,0.0,0.0
1b3a0e8e-2670-4d6b-8cb1-c3b8a02fc86a,requirement,hard,docs/rfc9110.pdf,1,0.5345898866653442,0.756269097328186,0.3333333333333333,0.24242424242424243,0.2962962962962963,0.2962962962962963,0.42857142857142855,0.4375,21.0,39.0,26.0,0.0,0.0,0.0,0.0,0.0,0.0,0.0,0.0,0.0,0.0,0.0,0.0,0.0,0.0,0.0,0.0,0.0
ee03816e-2ca0-4c80-8258-4059cf46729a,definition,easy,docs/NIST.SP.800-53r5.pdf,0,0.6781278252601624,0.6847705841064453,0.6666666666666666,0.8333333333333334,1.0,1.0,0.16666666666666666,0.6052631578947368,35.0,37.0,43.0,0.0,0.0,0.0,1.0,0.0,0.0,0.0,0.0,0.0,1.0,0.0,0.0,0.0,0.0,0.0,2.0,2.0
5dc52a72-3d2c-42c2-af57-4cb5e3bd1126,procedure,hard,docs/NIST.SP.800-53r5.pdf,1,0.6315140724182129,0.7079353332519531,0.16666666666666666,0.15492957746478872,0.7333333333333333,0.7333333333333333,0.835820895522388,3.5416666666666665,14.0,19.0,127.0,0.0,0.0,1.0,0.0,0.0,1.0,0.0,0.0,0.0,0.0,0.0,0.0,0.0,0.0,1.0,0.0,4.0
ea7c7bbf-25fe-450b-8681-8d04896498c1,procedure,hard,docs/wellarchitected-framework.pdf,1,0.3211582899093628,0.5992226600646973,0.08333333333333333,0.10638297872340426,0.4166666666666667,0.4166666666666667,0.875,2.4444444444444446,10.0,26.0,72.0,0.0,0.0,0.0,0.0,0.0,0.0,0.0,0.0,0.0,0.0,0.0,0.0,0.0,0.0,0.0,0.0,0.0
6ed9a3d8-c1dc-48f6-9696-187b72732be2,procedure,easy,docs/NIST.SP.800-53r5.pdf,0,0.3124445974826813,0.8556346893310547,1.0,0.6,0.8571428571428571,0.8571428571428571,0.3333333333333333,1.0,4.0,8.0,15.0,0.0,0.0,0.0,0.0,0.0,0.0,0.0,0.0,0.0,0.0,0.0,0.0,0.0,0.0,0.0,0.0,0.0
5075d8d5-505c-459f-a20e-d131423119d4,definition,easy,docs/wellarchitected-framework.pdf,1,0.8246294856071472,0.8985295295715332,0.5833333333333334,0.1875,0.75,0.75,0.8,2.2857142857142856,7.0,11.0,55.0,1.0,0.0,0.3333333333333333,0.0,0.0,0.0,0.0,0.0,0.0,1.0,0.0,0.0,0.0,2.0,3.0,0.0,0.0
a59aac82-c711-4356-af2f-1dcb0d48ab09,identifier,hard,docs/NIST.SP.800-53r5.pdf,1,0.8429065942764282,0.6805778741836548,0.16666666666666666,0.09523809523809523,0.75,0.75,0.9016393442622951,7.545454545454546,12.0,5.0,131.0,1.0,0.0,0.0,0.0,0.0,0.0,0.0,0.0,0.0,1.0,0.0,0.0,0.0,2.0,2.0,0.0,0.0
1a6890a9-ea27-4fa8-9069-74f56d5a1729,factual,easy,docs/NIST.SP.800-53r5.pdf,0,0.884097695350647,0.884097695350647,0.3333333333333333,0.5454545454545454,0.9230769230769231,0.9230769230769231,0.42857142857142855,0.8571428571428571,16.0,16.0,37.0,0.0,0.0,0.0,0.0,0.0,0.0,0.0,0.0,0.0,0.0,0.0,0.0,0.0,0.0,0.0,0.0,0.0
c32b8a17-036a-47d1-a62d-4de76fe7ec81,requirement,hard,docs/NIST.SP.800-171r3.pdf,1,0.0,0.6964622735977173,0.6666666666666666,0.06060606060606061,0.5,0.5,0.9354838709677419,9.5,0.0,4.0,68.0,0.0,0.0,1.0,0.0,1.0,1.0,0.0,0.0,0.0,0.3333333333333333,0.6666666666666666,0.0,1.6666666666666665,0.0,1.0,1.0,1.0
7ca2cf05-31ee-4b5e-b540-6ea877991a77,requirement,medium,docs/rfc9110.pdf,1,0.4602164626121521,0.4602164626121521,0.08333333333333333,0.09433962264150944,0.35714285714285715,0.35714285714285715,0.8863636363636364,1.8928571428571428,26.0,26.0,88.0,0.0,0.0,1.0,0.0,0.0,1.0,0.0,0.0,0.0,0.0,1.0,1.0,1.0,0.0,2.0,0.0,4.0
5dde7126-14d3-4945-840d-158e758dd59d,identifier,hard,docs/NIST.SP.800-53r5.pdf,0,0.5720785856246948,0.7420612573623657,0.4166666666666667,0.3333333333333333,0.4666666666666667,0.4666666666666667,0.46153846153846156,0.41935483870967744,19.0,26.0,19.0,1.0,0.0,0.0,1.0,0.0,0.0,0.0,0.0,0.0,1.0,0.0,0.0,0.0,5.0,5.0,4.0,4.0
cb030ca1-6b86-4d94-b8d3-848ed8cc5ed5,factual,easy,docs/wellarchitected-framework.pdf,0,0.5943168997764587,0.5681509971618652,0.08333333333333333,0.09259259259259259,0.35714285714285715,0.35714285714285715,0.8888888888888888,2.090909090909091,12.0,25.0,74.0,1.0,0.0,0.0,0.0,0.0,0.0,0.0,0.0,0.0,0.0,0.0,0.0,0.0,1.0,1.0,0.0,0.0
82c6605f-2a90-4f0c-bba0-76357d513975,identifier,medium,docs/wellarchitected-framework.pdf,1,0.29802560806274414,0.45269978046417236,0.5833333333333334,0.0,0.0,0.0,1.0,6.0,4.0,6.0,58.0,0.0,1.0,1.0,0.0,0.0,1.0,0.0,0.0,0.0,0.0,1.0,1.0,1.0,1.0,6.0,0.0,8.0
2c809731-aeab-428f-ac1f-864d5aaa803a,requirement,hard,docs/rfc9110.pdf,1,0.7362484931945801,0.6069854497909546,0.3333333333333333,0.15,0.6,0.6,0.8333333333333334,2.8333333333333335,21.0,18.0,125.0,0.0,1.0,1.0,1.0,0.0,0.6666666666666666,0.0,0.0,0.0,0.0,0.0,0.0,0.0,1.0,2.0,1.0,3.0
552e5b60-cb65-4ea7-832a-2d2347a67b69,identifier,medium,docs/wellarchitected-framework.pdf,0,0.3374757170677185,0.9715896844863892,1.0,0.5714285714285714,1.0,1.0,0.42857142857142855,1.4,5.0,10.0,15.0,0.0,0.0,0.0,0.0,0.0,0.0,0.0,0.0,0.0,1.0,0.0,0.0,0.0,0.0,0.0,0.0,0.0
76d70eb8-70e2-45a9-a641-bce6f5e45441,definition,easy,docs/NIST.SP.800-53r5.pdf,0,0.6557786464691162,0.9711458086967468,0.8333333333333334,0.8,0.8571428571428571,0.8571428571428571,0.07692307692307693,0.6,13.0,24.0,21.0,0.0,0.0,1.0,0.0,0.0,0.0,0.0,0.0,0.0,0.0,0.0,0.0,0.0,0.0,1.0,0.0,0.0
cf618347-dfeb-4c51-bd1c-267e84077657,definition,hard,docs/NIST.SP.800-53r5.pdf,0,0.6899240016937256,0.920566201210022,0.5,0.8947368421052632,0.8947368421052632,0.8947368421052632,0.0,0.68,7.0,35.0,30.0,0.0,0.0,0.0,0.0,0.0,0.0,0.0,0.0,0.0,0.0,0.0,0.0,0.0,0.0,0.0,0.0,0.0
741920fe-c7d4-4e38-a239-207741b9e271,identifier,easy,docs/rfc9110.pdf,1,0.8547989130020142,0.8432823419570923,0.5833333333333334,0.2608695652173913,0.8571428571428571,0.8571428571428571,0.7272727272727273,2.0833333333333335,6.0,6.0,45.0,0.0,0.0,1.0,1.0,0.0,0.0,1.0,0.0,0.0,1.0,0.0,0.0,0.0,0.0,2.0,2.0,2.0
7363c602-09b7-407a-8510-0b039ed9f4f5,identifier,easy,docs/NIST.SP.800-171r3.pdf,0,0.884109377861023,0.884109377861023,0.0,0.2647058823529412,0.4090909090909091,0.4090909090909091,0.5714285714285714,0.45652173913043476,37.0,37.0,30.0,1.0,0.0,0.0,1.0,0.0,0.0,0.0,0.0,0.0,1.0,0.0,0.0,0.0,1.0,1.0,1.0,1.0
caa40ac7-e906-4056-993f-b0f78c9f1870,definition,hard,docs/rfc9110.pdf,0,0.817772388458252,0.9996669888496399,0.5,1.0,1.0,1.0,0.0,0.625,25.0,44.0,44.0,1.0,0.0,0.0,0.0,0.0,0.0,0.0,0.0,0.0,1.0,0.0,0.0,0.0,1.0,1.0,0.0,0.0
717c84cd-6773-41b0-8d96-39313818897a,requirement,hard,docs/NIST.SP.800-53r5.pdf,1,0.7770826816558838,0.7678518295288086,0.3333333333333333,0.3269230769230769,0.8947368421052632,0.8947368421052632,0.66,1.525,29.0,32.0,109.0,0.0,1.0,1.0,0.0,0.0,1.0,0.0,0.0,0.0,0.0,0.0,1.0,0.0,1.0,3.0,0.0,1.0
41a546e8-5de5-4538-bb07-d1a70d0aba15,definition,hard,docs/NIST.SP.800-53r5.pdf,1,0.5986140966415405,0.702605128288269,0.5833333333333334,0.2894736842105263,0.7857142857142857,0.7857142857142857,0.6857142857142857,3.235294117647059,9.0,17.0,93.0,0.0,0.0,1.0,0.0,0.0,1.0,0.0,0.0,0.0,0.0,0.0,1.0,0.0,0.0,1.0,0.0,1.0
85cf3179-7c8e-4331-a2a7-9a639c60d6d0,factual,easy,docs/NIST.SP.800-53r5.pdf,1,0.8427274227142334,0.6475739479064941,0.08333333333333333,0.5517241379310345,0.8888888888888888,0.8888888888888888,0.4074074074074074,0.9032258064516129,20.0,21.0,39.0,0.0,0.0,1.0,0.0,0.0,0.0,0.0,0.0,0.0,0.0,0.0,0.0,0.0,0.0,1.0,0.0,0.0
c8fcd449-b62e-4c60-b04e-5a06cb906666,identifier,hard,docs/wellarchitected-framework.pdf,1,0.3482778072357178,0.3917670249938965,0.25,0.03333333333333333,0.25,0.25,0.9629629629629629,7.555555555555555,10.0,2.0,97.0,0.0,0.0,0.0,0.0,0.0,1.0,0.0,0.0,0.0,0.0,0.0,1.0,0.0,0.0,0.0,0.0,4.0
c62c0a59-ab2b-41e3-a427-2d537d14539c,factual,medium,docs/wellarchitected-framework.pdf,1,-0.025792468339204788,0.14477410912513733,0.5833333333333334,0.0,0.0,0.0,1.0,0.05357142857142857,39.0,40.0,9.0,0.0,1.0,0.0,0.0,1.0,0.0,0.0,0.0,0.0,0.0,0.0,0.0,1.0,1.0,0.0,1.0,0.0
ae750b63-f88a-47a0-bb6f-85f5b592b394,definition,hard,docs/NIST.SP.800-53r5.pdf,1,0.947575569152832,0.943739116191864,0.3333333333333333,0.3469387755102041,0.85,0.85,0.6304347826086957,1.4634146341463414,39.0,37.0,94.0,0.0,0.0,0.0,0.0,0.0,0.0,0.0,0.0,0.0,0.0,0.0,0.0,0.0,0.0,0.0,0.0,0.0
3c15df79-c0b9-43be-88be-5b152df50096,requirement,hard,docs/rfc9110.pdf,0,0.6025248765945435,0.6500023007392883,0.8333333333333334,0.2,1.0,1.0,0.8,2.8333333333333335,3.0,5.0,37.0,1.0,0.0,0.0,1.0,0.0,0.0,0.0,0.0,0.0,1.0,0.0,0.3333333333333333,0.0,1.0,1.0,1.0,1.0
60940533-24a9-494a-9af1-12c7069fe961,definition,medium,docs/NIST.SP.800-53r5.pdf,1,0.6777018308639526,0.7397302389144897,0.08333333333333333,0.15625,0.2631578947368421,0.2631578947368421,0.7222222222222222,0.5,39.0,41.0,38.0,0.0,0.0,0.0,0.0,0.0,0.0,0.0,0.0,0.0,0.0,0.0,0.0,0.0,0.0,0.0,0.0,0.0
8e9acbf3-a78f-45d1-89ca-27f39dc64577,requirement,easy,docs/rfc9110.pdf,0,0.5115821361541748,0.5115821361541748,0.3333333333333333,0.18518518518518517,0.38461538461538464,0.38461538461538464,0.7368421052631579,1.0,31.0,31.0,43.0,0.0,0.0,0.0,1.0,0.0,0.0,0.0,0.0,0.0,1.0,0.0,0.0,0.0,0.0,0.0,1.0,1.0
ae60a31a-f508-47d5-9395-8dd4f3e108ec,factual,medium,docs/wellarchitected-framework.pdf,1,0.7003942728042603,0.57201087474823,0.16666666666666666,0.0784313725490196,0.16666666666666666,0.16666666666666666,0.8709677419354839,0.9767441860465116,28.0,41.0,78.0,0.0,1.0,0.0,0.0,0.0,0.0,0.0,0.0,0.0,0.0,1.0,0.0,1.0,1.0,0.0,0.0,0.0
83df32d3-58c7-4f16-bf0e-8bebe9f5a1ef,definition,easy,docs/rfc9110.pdf,1,0.8031522035598755,0.7579984664916992,0.16666666666666666,0.3125,0.8333333333333334,0.8333333333333334,0.6666666666666666,1.4166666666666667,19.0,16.0,56.0,0.6666666666666666,0.3333333333333333,0.0,0.0,0.0,0.0,0.0,0.0,0.0,0.0,0.0,1.0,0.0,3.0,2.0,0.0,0.0
e86c5f56-800a-462a-bcb1-80334b31943c,requirement,easy,docs/wellarchitected-framework.pdf,1,0.31074756383895874,0.6557722687721252,0.25,0.06666666666666667,0.3333333333333333,0.3333333333333333,0.9230769230769231,5.083333333333333,1.0,18.0,99.0,0.0,1.0,0.0,0.0,0.0,0.0,0.0,0.0,0.0,0.0,1.0,0.0,1.0,1.0,0.0,0.0,0.0
6ec037bb-56c9-41ce-80eb-3365540a73db,definition,medium,docs/wellarchitected-framework.pdf,1,0.5706242322921753,0.6889562010765076,0.16666666666666666,0.04,0.45454545454545453,0.45454545454545453,0.957983193277311,12.916666666666666,20.0,3.0,230.0,0.0,0.0,1.0,0.0,0.0,1.0,0.0,0.0,0.0,0.0,0.0,1.0,0.0,0.0,8.0,0.0,7.0
f5883289-8019-4037-8051-d39271af025b,procedure,medium,docs/wellarchitected-framework.pdf,1,0.6625510454177856,0.6927181482315063,0.4166666666666667,0.11538461538461539,0.7058823529411765,0.7058823529411765,0.8787878787878788,4.896551724137931,14.0,37.0,215.0,0.0,0.0,1.0,0.0,0.0,1.0,0.0,0.0,0.0,0.0,0.0,1.0,0.0,0.0,3.0,0.0,5.0
4512913b-6035-4e48-b863-e5bba8e417d1,identifier,easy,docs/wellarchitected-framework.pdf,1,0.6702280044555664,0.8038473129272461,0.3333333333333333,0.37037037037037035,0.625,0.625,0.5238095238095238,1.2173913043478262,9.0,25.0,38.0,1.0,0.0,0.3333333333333333,0.0,0.0,1.0,0.0,0.0,0.0,1.0,0.0,0.2,0.0,2.0,3.0,0.0,1.0
0fe7cfe6-cea7-42be-8296-a31bddf40e86,procedure,hard,docs/rfc9110.pdf,1,0.4012816250324249,0.18477663397789001,0.0,0.015625,0.02702702702702703,0.02702702702702703,0.9642857142857143,0.41025641025641024,19.0,61.0,48.0,0.125,0.875,0.5,0.0,1.0,1.0,0.0,0.0,0.0,0.14285714285714285,0.8571428571428571,0.0,1.8571428571428572,8.0,2.0,2.0,3.0
4474a568-39de-42bd-a3df-b2ac3ebe77e9,identifier,medium,docs/NIST.SP.800-53r5.pdf,0,0.27873581647872925,0.3047465682029724,0.5,0.0,0.0,0.0,1.0,0.0625,27.0,29.0,9.0,0.0,1.0,0.0,0.0,1.0,0.0,0.0,1.0,0.0,0.0,1.0,0.0,3.0,4.0,0.0,3.0,0.0
5f650e55-2cc5-4131-919b-d11caf2a768d,definition,medium,docs/wellarchitected-framework.pdf,0,0.7283821105957031,0.8274447917938232,0.25,0.34545454545454546,0.37254901960784315,0.37254901960784315,0.17391304347826086,0.35714285714285715,31.0,77.0,41.0,0.0,1.0,0.0,0.0,0.0,1.0,0.0,0.0,0.0,0.0,0.0,0.0,0.0,1.0,0.0,0.0,2.0
82fa36d0-a23a-44ae-8952-5654db27090d,procedure,medium,docs/wellarchitected-framework.pdf,0,0.5189273953437805,0.6435946226119995,0.5833333333333334,0.36923076923076925,0.7272727272727273,0.7272727272727273,0.5714285714285714,1.0285714285714285,39.0,54.0,103.0,0.5,0.5,0.8,0.6666666666666666,0.3333333333333333,0.0,0.0,0.0,0.0,1.0,0.0,0.75,0.3333333333333333,2.0,5.0,6.0,4.0
c820bbb5-948b-47b7-82bb-d462a68321f5,procedure,hard,docs/NIST.SP.800-53r5.pdf,0,0.5582500696182251,0.9028470516204834,0.08333333333333333,0.21428571428571427,0.3,0.3,0.5714285714285714,0.6976744186046512,12.0,62.0,52.0,0.0,0.0,0.0,0.0,0.0,1.0,0.0,0.0,0.0,0.0,0.0,0.0,0.0,0.0,0.0,0.0,2.0
507bc3a0-ec1c-421e-bd08-14d5a3d20561,requirement,hard,docs/OWASP_Application_Security_Verification_Standard_5.0.0_en (1).pdf,1,0.7664892673492432,0.6481715440750122,0.4166666666666667,0.3333333333333333,0.7647058823529411,0.7647058823529411,0.6285714285714286,1.2285714285714286,26.0,24.0,65.0,1.0,0.0,0.5,0.0,1.0,0.0,0.0,0.0,0.0,0.75,0.25,0.5,1.25,2.0,4.0,2.0,0.0
6838d0be-1e5a-4dba-baa3-88dba35fdf08,procedure,medium,docs/NIST.SP.800-171r3.pdf,0,0.5898026823997498,0.5898026823997498,0.08333333333333333,0.08163265306122448,0.23529411764705882,0.23529411764705882,0.8888888888888888,1.0,36.0,36.0,64.0,0.0,0.0,0.0,0.0,0.0,1.0,0.0,0.0,0.0,0.0,0.0,0.0,0.0,0.0,0.0,0.0,2.0
a7d1c55f-cc07-4d8b-bde5-591aca191733,procedure,medium,docs/wellarchitected-framework.pdf,1,0.4205538034439087,0.6483569741249084,0.16666666666666666,0.045454545454545456,0.38461538461538464,0.38461538461538464,0.9509803921568627,6.9,6.0,26.0,213.0,0.0,1.0,1.0,0.0,0.0,1.0,0.0,0.0,0.0,0.25,0.75,0.8,0.75,2.0,3.0,0.0,6.0
4b949692-4da7-40f1-86ea-210ff45dd172,factual,hard,docs/NIST.SP.800-53r5.pdf,1,0.29329437017440796,0.6913744807243347,0.0,0.09302325581395349,0.2222222222222222,0.2222222222222222,0.8620689655172413,1.6666666666666667,23.0,8.0,56.0,0.0,0.0,0.0,0.0,0.0,0.0,0.0,0.0,0.0,0.0,0.0,0.0,0.0,0.0,0.0,0.0,0.0
c520c893-9559-4b6f-9962-ba5a569de9be,definition,easy,docs/wellarchitected-framework.pdf,1,0.7260704040527344,0.6480846405029297,0.5,0.0625,0.2857142857142857,0.2857142857142857,0.9259259259259259,2.6363636363636362,8.0,9.0,48.0,0.0,0.0,0.0,0.0,0.0,0.0,0.0,0.0,0.0,0.0,0.0,0.0,0.0,0.0,0.0,0.0,0.0
5d182223-ab21-4a64-a6b6-29a46246b3f7,definition,medium,docs/rfc9110.pdf,1,0.6086310744285583,0.6086310744285583,0.6666666666666666,0.08333333333333333,0.42857142857142855,0.42857142857142855,0.90625,2.7857142857142856,18.0,18.0,80.0,0.0,0.0,1.0,0.0,0.0,1.0,0.0,0.0,0.0,0.0,0.0,1.0,0.0,0.0,2.0,0.0,1.0
bebb9b70-a5c2-441c-bf1f-ab01bd5d5499,identifier,easy,docs/wellarchitected-framework.pdf,1,0.4917393922805786,0.4500194191932678,0.9166666666666666,0.0,0.0,0.0,1.0,1.4285714285714286,3.0,4.0,15.0,0.0,1.0,0.0,0.0,0.0,0.0,0.0,0.0,0.0,0.0,1.0,1.0,1.0,1.0,0.0,0.0,0.0
7f2fa59d-330c-4cff-befc-213f4236e984,requirement,medium,docs/wellarchitected-framework.pdf,1,0.5560193061828613,0.5193127393722534,0.0,0.04878048780487805,0.21052631578947367,0.21052631578947367,0.9402985074626866,3.1153846153846154,16.0,23.0,132.0,0.0,1.0,0.0,0.0,0.0,0.0,0.0,0.0,0.0,0.0,1.0,0.0,1.0,2.0,0.0,0.0,0.0
0c7d2191-28c0-4fbd-bc32-91575d5ede70,definition,hard,docs/rfc9110.pdf,1,0.3530397415161133,0.520409882068634,0.0,0.0,0.0,0.0,1.0,2.2857142857142856,11.0,32.0,88.0,0.0,0.0,1.0,0.0,0.0,1.0,0.0,0.0,1.0,1.0,0.0,0.75,0.0,0.0,1.0,0.0,1.0
79964c5a-ca4b-4792-836f-82981604c6dd,definition,hard,docs/NIST.SP.800-53r5.pdf,1,0.6613860130310059,0.8514372110366821,0.75,0.10526315789473684,1.0,1.0,0.8947368421052632,6.0,5.0,6.0,80.0,0.0,1.0,1.0,0.0,0.0,0.0,0.0,0.0,0.0,1.0,0.0,0.5,0.0,1.0,3.0,0.0,0.0
7a7f63fe-1190-497f-8ad2-7621ecc509c7,definition,easy,docs/wellarchitected-framework.pdf,1,0.9287821650505066,0.6014705896377563,0.0,0.14285714285714285,0.23529411764705882,0.23529411764705882,0.7333333333333333,0.8,6.0,24.0,29.0,0.6666666666666666,0.3333333333333333,0.0,0.0,0.0,0.0,0.0,0.0,0.0,0.5,0.5,0.0,0.5,3.0,2.0,0.0,0.0
f838bf7c-bc4a-4fb4-80cb-650be13665d2,identifier,hard,docs/OWASP_Application_Security_Verification_Standard_5.0.0_en (1).pdf,1,0.8926939368247986,0.7713299989700317,0.16666666666666666,0.25,0.47058823529411764,0.47058823529411764,0.6521739130434783,1.3157894736842106,23.0,15.0,46.0,0.0,0.0,0.0,0.0,0.0,0.0,0.0,0.0,0.0,0.0,0.0,0.0,0.0,0.0,0.0,0.0,0.0
8db80bfc-5392-43dd-9da8-0cb205026667,factual,easy,docs/wellarchitected-framework.pdf,0,0.7211267948150635,0.8705930709838867,0.5,0.42105263157894735,0.6666666666666666,0.6666666666666666,0.4666666666666667,0.9375,5.0,23.0,26.0,0.0,0.0,0.0,0.0,0.0,0.0,0.0,0.0,0.0,0.0,0.0,0.0,0.0,0.0,0.0,0.0,0.0
fff7c7dc-b91a-4108-a5ae-2d4f05a3a5d6,requirement,medium,docs/NIST.SP.800-53r5.pdf,0,0.7151358723640442,0.4088723659515381,0.16666666666666666,0.4,0.43902439024390244,0.43902439024390244,0.18181818181818182,0.390625,29.0,71.0,41.0,0.0,1.0,1.0,0.0,1.0,1.0,0.0,0.0,0.0,0.0,0.0,1.0,1.0,2.0,1.0,3.0,1.0
9224f102-0043-4ec9-bb72-c5b244e183ca,identifier,easy,docs/wellarchitected-framework.pdf,1,0.4463323950767517,0.45618778467178345,0.5,0.029411764705882353,0.25,0.25,0.967741935483871,5.5,2.0,4.0,53.0,0.0,1.0,1.0,0.0,0.0,0.0,0.0,0.0,0.0,0.5,0.5,0.5,0.5,1.0,3.0,0.0,0.0
126d2848-7643-4f5f-83fb-41ec67fe3b9a,factual,easy,docs/NIST.SP.800-53r5.pdf,1,0.1436818540096283,0.16230086982250214,0.9166666666666666,0.0,0.0,0.0,1.0,0.14285714285714285,10.0,13.0,9.0,0.0,0.0,0.0,0.0,1.0,0.0,0.0,0.0,0.0,0.0,1.0,0.0,2.0,0.0,0.0,2.0,0.0
59e48580-8e87-41db-a868-a047b437fef3,definition,easy,docs/NIST.SP.800-53r5.pdf,1,0.24962067604064941,0.6718165874481201,0.25,0.027586206896551724,0.4444444444444444,0.4444444444444444,0.9714285714285714,13.692307692307692,6.0,13.0,265.0,0.0,0.0,1.0,0.0,0.0,1.0,0.0,0.0,0.0,0.0,0.0,1.0,0.0,0.0,1.0,0.0,9.0
2ef27214-490e-422e-9aa8-77aeb819f2a0,identifier,easy,docs/NIST.SP.800-53r5.pdf,1,0.18845202028751373,0.3795943856239319,0.5,0.05405405405405406,0.4,0.4,0.9411764705882353,6.5,2.0,4.0,51.0,0.0,1.0,1.0,0.5,0.5,0.9230769230769231,0.0,0.0,0.0,0.5,0.5,0.9285714285714286,1.0,1.0,9.0,2.0,13.0
990346ec-cda2-4817-b224-f5f987c65ac5,definition,hard,docs/NIST.SP.800-53r5.pdf,0,0.7402392625808716,0.8570090532302856,0.08333333333333333,0.2987012987012987,0.4423076923076923,0.4423076923076923,0.5208333333333334,0.4482758620689655,83.0,85.0,84.0,0.0,0.0,0.0,0.0,0.0,1.0,0.0,0.0,0.0,0.0,0.0,0.0,0.0,0.0,0.0,0.0,4.0
87567a5a-100d-49d9-a8a7-ea1ac597a777,procedure,medium,docs/wellarchitected-framework.pdf,1,0.32316213846206665,0.47856950759887695,0.0,0.11363636363636363,0.3333333333333333,0.3333333333333333,0.8529411764705882,1.8095238095238095,8.0,21.0,63.0,0.0,0.0,0.0,0.0,0.0,0.0,0.0,0.0,0.0,0.0,0.0,0.0,0.0,0.0,0.0,0.0,0.0
dbd6f789-1e4f-4c84-b550-41740b5dd15a,factual,hard,docs/wellarchitected-framework.pdf,1,0.5765380859375,0.7111375331878662,0.16666666666666666,0.030120481927710843,0.45454545454545453,0.45454545454545453,0.96875,18.615384615384617,16.0,3.0,347.0,1.0,0.0,0.8888888888888888,0.0,0.0,1.0,0.0,0.0,0.0,1.0,0.0,0.8461538461538461,0.0,1.0,9.0,0.0,11.0
d5faedcb-61fc-4259-9e74-44dbfb89aadc,factual,medium,docs/wellarchitected-framework.pdf,0,0.3170272707939148,0.9562462568283081,0.3333333333333333,0.7586206896551724,0.9166666666666666,0.9166666666666666,0.18518518518518517,0.7837837837837838,12.0,47.0,41.0,1.0,0.0,0.0,0.0,0.0,0.0,0.0,0.0,0.0,1.0,0.0,0.0,0.0,2.0,2.0,0.0,0.0
3aaa635e-26ec-4512-9ce2-58c80643415d,definition,medium,docs/NIST.SP.800-171r3.pdf,1,0.6448225975036621,0.4822521209716797,0.0,0.05,0.09523809523809523,0.09523809523809523,0.9047619047619048,0.696969696969697,24.0,32.0,46.0,0.0,0.0,0.0,0.0,0.0,0.0,0.0,0.0,0.0,0.0,0.0,1.0,0.0,0.0,0.0,0.0,0.0
c7ae8472-ee14-4326-bc5b-9b656192fd7a,requirement,medium,docs/rfc9110.pdf,0,0.7025922536849976,0.938075602054596,1.0,0.8333333333333334,1.0,1.0,0.16666666666666666,0.7058823529411765,12.0,18.0,23.0,1.0,0.0,0.0,0.0,0.0,0.0,0.0,0.0,0.0,1.0,0.0,0.0,0.0,2.0,2.0,0.0,0.0
bfba75de-e2f6-4264-bfad-7ed72b79fa06,procedure,hard,docs/rfc9110.pdf,0,0.7773807048797607,0.8835687041282654,0.4166666666666667,0.625,0.8695652173913043,0.8695652173913043,0.3103448275862069,1.4,23.0,44.0,91.0,1.0,0.0,0.5,1.0,0.0,0.0,1.0,0.0,0.0,1.0,0.0,0.0,0.0,1.0,2.0,2.0,2.0
5c3a95b2-0d8d-47af-bcac-3b12bec8a9dc,procedure,medium,docs/wellarchitected-framework.pdf,1,0.3929172158241272,0.7436246871948242,0.5833333333333334,0.2857142857142857,0.7,0.7,0.6744186046511628,2.5,8.0,32.0,102.0,0.0,0.0,0.0,0.0,0.0,0.0,0.0,0.0,0.0,0.0,0.0,0.0,0.0,0.0,0.0,0.0,0.0
6309e1ea-f96e-4ff8-9ea0-ddbed7ccf8f1,procedure,hard,docs/rfc9110.pdf,1,0.6124444007873535,0.4720768928527832,0.25,0.10294117647058823,0.3888888888888889,0.3888888888888889,0.8771929824561403,2.923076923076923,22.0,24.0,123.0,0.0,0.0,0.0,0.0,0.0,0.0,0.0,0.0,0.0,0.0,0.0,0.0,0.0,0.0,0.0,0.0,0.0
9a401a61-b885-4f5e-a5e8-67d6cfb22562,procedure,medium,docs/NIST.SP.800-53r5.pdf,1,0.5962015390396118,0.6504539251327515,0.08333333333333333,0.1875,0.5,0.5,0.7692307692307693,1.0789473684210527,21.0,26.0,68.0,0.0,1.0,0.0,0.0,1.0,0.0,0.0,0.0,0.0,0.0,1.0,0.0,2.0,1.0,0.0,1.0,0.0
40f02d77-50cc-4404-9baa-5c54b06cf9a0,identifier,easy,docs/NIST.SP.800-171r3.pdf,1,0.19625088572502136,0.19625088572502136,1.0,0.0,0.0,0.0,1.0,0.5,3.0,3.0,9.0,0.0,1.0,0.0,0.0,1.0,0.0,0.0,0.0,0.0,0.0,1.0,0.0,2.0,1.0,0.0,2.0,0.0
15d5b326-2f1b-4987-9c57-f186709a5552,requirement,easy,docs/NIST.SP.800-53r5.pdf,0,0.3056275546550751,0.5932672619819641,0.5833333333333334,0.26666666666666666,0.4444444444444444,0.4444444444444444,0.6,1.1111111111111112,5.0,10.0,16.0,1.0,0.0,0.0,1.0,0.0,0.5,0.0,0.0,0.0,0.75,0.25,0.5,0.25,1.0,1.0,2.0,4.0
01acfb86-a1d8-4d0e-aadb-51f84cb0151f,requirement,hard,docs/wellarchitected-framework.pdf,0,0.7693519592285156,0.8191491365432739,0.25,0.19148936170212766,0.3,0.3,0.6538461538461539,0.5660377358490566,29.0,45.0,46.0,0.0,0.0,0.0,0.0,0.0,0.0,0.0,0.0,0.0,0.0,0.0,0.0,0.0,0.0,0.0,0.0,0.0
ec5e142c-93e4-4659-8620-f20bc0f904b7,factual,medium,docs/rfc9110.pdf,1,0.5249622464179993,0.60697340965271,0.4166666666666667,0.09615384615384616,0.5,0.5,0.8936170212765957,5.384615384615385,8.0,16.0,148.0,0.5,0.5,0.5,0.0,1.0,0.0,0.0,0.0,0.0,0.5,0.5,0.5,1.5,2.0,2.0,1.0,0.0
42ae0be8-adbb-496e-be8a-1ed1ae9ba24f,procedure,medium,docs/NIST.SP.800-53r5.pdf,1,0.800346851348877,0.9298712015151978,0.5,0.352112676056338,0.7352941176470589,0.7352941176470589,0.5967741935483871,1.0823529411764705,59.0,68.0,139.0,0.0,0.0,0.0,0.0,0.0,1.0,0.0,0.0,0.0,0.0,0.0,0.0,0.0,0.0,0.0,0.0,4.0
794fdbb2-5d18-4b82-93cb-8578498d0f89,requirement,easy,docs/NIST.SP.800-53r5.pdf,1,0.544598400592804,0.6733760833740234,0.0,0.0958904109589041,0.3888888888888889,0.3888888888888889,0.8870967741935484,3.230769230769231,12.0,23.0,134.0,0.0,0.0,0.0,0.0,0.0,1.0,0.0,0.0,0.0,0.0,0.0,0.0,0.0,0.0,0.0,0.0,4.0
9ca8f486-123b-43c7-982b-ffff782ad398,factual,hard,docs/NIST.SP.800-53r5.pdf,1,0.4621126055717468,0.4683474004268646,0.3333333333333333,0.023809523809523808,0.125,0.125,0.9714285714285714,2.466666666666667,17.0,16.0,61.0,0.0,0.0,1.0,0.0,0.0,0.0,0.0,0.0,0.0,0.0,0.0,1.0,0.0,0.0,2.0,0.0,0.0
7d8b09f3-7409-4d13-877c-5ffcd0f6e2dc,factual,hard,docs/wellarchitected-framework.pdf,0,0.6172144412994385,0.6744532585144043,0.4166666666666667,0.6111111111111112,0.8048780487804879,0.8048780487804879,0.2826086956521739,0.6962025316455697,62.0,76.0,93.0,1.0,0.0,0.0,0.0,0.0,0.0,0.0,0.0,0.0,1.0,0.0,0.6666666666666666,0.0,1.0,1.0,0.0,0.0
faa67ce0-c41f-487b-b269-bbb1ab667ccd,identifier,easy,docs/NIST.SP.800-53r5.pdf,0,0.6896492838859558,0.8222712874412537,0.5,0.3076923076923077,0.6666666666666666,0.6666666666666666,0.6363636363636364,1.375,3.0,10.0,16.0,1.0,0.0,0.0,1.0,0.0,0.5,0.0,0.0,0.0,1.0,0.0,0.4,0.0,1.0,1.0,2.0,4.0
e85fe87f-2c6b-4ca5-852f-465ea47f31b8,factual,easy,docs/NIST.SP.800-53r5.pdf,1,0.8478967547416687,0.8239705562591553,0.5,0.18604651162790697,0.3333333333333333,0.3333333333333333,0.7037037037037037,0.8378378378378378,14.0,34.0,46.0,1.0,0.0,0.0,1.0,0.0,0.0,0.0,0.0,0.0,1.0,0.0,0.0,0.0,3.0,3.0,6.0,6.0
b17803e6-9c1f-4ae6-aee8-683caf2c0cd5,procedure,easy,docs/OWASP_Application_Security_Verification_Standard_5.0.0_en (1).pdf,0,0.184269517660141,0.1092926561832428,0.5,0.0,0.0,0.0,1.0,0.09375,17.0,29.0,9.0,0.0,1.0,0.0,0.0,0.0,0.0,0.0,0.0,0.0,0.0,1.0,0.0,1.0,3.0,0.0,0.0,0.0
e3b07137-ebd1-4362-b24a-e615520e2ae5,requirement,medium,docs/NIST.SP.800-171r3.pdf,1,0.23243075609207153,0.6270201206207275,0.25,0.10810810810810811,0.4444444444444444,0.4444444444444444,0.875,4.0,2.0,10.0,66.0,0.0,1.0,1.0,0.0,1.0,1.0,0.0,0.0,0.0,0.5,0.5,0.75,1.5,2.0,1.0,2.0,1.0
74128f82-482d-4eec-9846-b853b8c3dc0f,definition,medium,docs/wellarchitected-framework.pdf,1,0.1548190712928772,0.05939990654587746,0.6666666666666666,0.0,0.0,0.0,1.0,0.11538461538461539,15.0,27.0,9.0,0.0,0.0,0.0,0.0,0.0,0.0,0.0,0.0,0.0,0.0,0.0,0.0,0.0,0.0,0.0,0.0,0.0
af9b3926-8540-4867-aa83-15b7e104781a,factual,hard,docs/rfc9110.pdf,0,0.4307822287082672,0.9229193925857544,0.08333333333333333,0.36,0.6428571428571429,0.6428571428571429,0.55,1.15,12.0,28.0,39.0,0.0,0.0,0.0,0.0,0.0,0.0,0.0,0.0,0.0,0.0,0.0,0.0,0.0,0.0,0.0,0.0,0.0
808c4159-7d8a-4106-9b95-1e517a33859a,factual,hard,docs/rfc9110.pdf,1,0.2629701793193817,0.8693472146987915,0.3333333333333333,0.5,0.7333333333333333,0.7333333333333333,0.3888888888888889,0.875,7.0,25.0,39.0,0.5,0.5,0.5,0.0,1.0,0.0,0.0,0.0,0.0,0.5,0.5,0.5,1.5,2.0,2.0,2.0,0.0
702951cb-ab7b-4137-b2c3-2afc68184753,definition,easy,docs/NIST.SP.800-53r5.pdf,0,0.8981425762176514,0.9044524431228638,1.0,0.8571428571428571,0.8571428571428571,0.8571428571428571,0.0,0.5454545454545454,8.0,11.0,12.0,0.0,0.0,0.0,0.0,0.0,0.0,0.0,0.0,0.0,0.0,0.0,0.0,0.0,0.0,0.0,0.0,0.0
053c0249-3125-4ea3-a8c1-49f0f045a31c,requirement,hard,docs/rfc9110.pdf,1,0.40226903557777405,0.05230332911014557,0.5833333333333334,0.058823529411764705,0.4,0.4,0.9354838709677419,6.4,8.0,6.0,55.0,0.0,0.0,0.0,0.0,0.0,1.0,0.0,0.0,1.0,0.5,0.5,0.75,0.5,0.0,0.0,0.0,1.0
474bfa5f-7863-466f-8052-a9e8e64be52c,identifier,hard,docs/wellarchitected-framework.pdf,0,0.26093167066574097,0.0,1.0,0.07692307692307693,0.09090909090909091,0.09090909090909091,0.6666666666666666,0.2727272727272727,16.0,0.0,9.0,0.0,0.0,0.0,0.0,0.0,0.0,0.0,0.0,0.0,0.0,1.0,0.0,1.0,0.0,0.0,0.0,0.0
1cff8995-07de-4ed2-b2c7-cd920788fd81,factual,easy,docs/wellarchitected-framework.pdf,0,0.4550062417984009,0.7666395902633667,0.4166666666666667,0.43478260869565216,0.6666666666666666,0.6666666666666666,0.4444444444444444,0.9047619047619048,10.0,26.0,33.0,0.0,0.0,0.0,0.0,0.0,0.0,0.0,0.0,0.0,0.0,0.0,0.0,0.0,0.0,0.0,0.0,0.0
37a3f5af-1581-4e5e-86ab-a8742515ae61,definition,hard,docs/wellarchitected-framework.pdf,1,0.2167101502418518,0.5887950658798218,0.0,0.07692307692307693,0.1875,0.1875,0.8846153846153846,0.9333333333333333,29.0,31.0,41.0,0.0,0.0,1.0,0.0,0.0,1.0,0.0,0.0,0.0,0.0,0.0,1.0,0.0,0.0,1.0,0.0,2.0
08a93682-8bd6-410f-8fa2-776d90cc6bed,requirement,medium,docs/NIST.SP.800-53r5.pdf,1,0.472631573677063,0.4554722011089325,0.3333333333333333,0.2857142857142857,0.6666666666666666,0.6666666666666666,0.6666666666666666,1.6666666666666667,16.0,17.0,58.0,0.0,0.0,1.0,0.0,0.0,1.0,0.0,0.0,0.0,0.0,0.0,1.0,0.0,0.0,1.0,0.0,3.0
8cf02878-d60d-4cd4-820a-2fd24e8b9dc9,requirement,medium,docs/NIST.SP.800-171r3.pdf,0,0.40947434306144714,0.8193260431289673,0.16666666666666666,0.041666666666666664,0.08695652173913043,0.08695652173913043,0.9259259259259259,1.2307692307692308,18.0,28.0,64.0,0.0,0.0,0.0,0.0,0.0,0.0,0.0,0.0,0.0,0.0,0.0,0.0,0.0,0.0,0.0,0.0,0.0
fea09291-1313-47e3-a015-5eca5da3bd8c,factual,medium,docs/NIST.SP.800-53r5.pdf,0,0.45557308197021484,0.9030550718307495,1.0,0.8181818181818182,0.8181818181818182,0.8181818181818182,0.0,0.75,9.0,17.0,18.0,1.0,0.0,0.0,0.0,0.0,0.0,0.0,0.0,0.0,1.0,0.0,0.0,0.0,1.0,1.0,0.0,0.0
70c3730c-c174-4790-a4d9-0caf66ea866a,identifier,easy,docs/NIST.SP.800-53r5.pdf,1,0.1393994241952896,0.1593691110610962,0.25,0.1,0.5,0.5,0.8888888888888888,3.857142857142857,10.0,11.0,98.0,0.0,1.0,1.0,0.5,0.5,0.5,0.0,0.0,0.0,0.5,0.5,0.4,1.0,1.0,3.0,8.0,8.0
8654eaa9-8fbe-47b8-a84e-54b29b9e067d,definition,hard,docs/NIST.SP.800-53r5.pdf,0,0.6952359676361084,0.9475957155227661,0.8333333333333334,0.875,1.0,1.0,0.125,0.6428571428571429,27.0,31.0,37.0,0.0,1.0,1.0,1.0,0.0,0.0,0.0,0.0,0.0,1.0,0.0,0.0,0.0,1.0,1.0,1.0,1.0
2abbb927-39d7-448b-9554-b68e7e9962b2,procedure,easy,docs/wellarchitected-framework.pdf,1,0.6300382614135742,0.8612308502197266,0.08333333333333333,0.4642857142857143,0.9285714285714286,0.9285714285714286,0.5185185185185185,1.3181818181818181,14.0,23.0,53.0,1.0,0.0,0.6666666666666666,0.0,0.0,0.0,0.0,0.0,0.0,1.0,0.0,0.5,0.0,1.0,3.0,0.0,0.0
4ead8d99-fac3-4721-8dd8-d4162faea45e,procedure,easy,docs/NIST.SP.800-53r5.pdf,0,0.7805930376052856,0.7462456822395325,0.5833333333333334,0.3,0.75,0.75,0.6666666666666666,1.3333333333333333,10.0,12.0,36.0,0.0,0.0,1.0,0.0,1.0,1.0,0.0,0.0,0.0,0.0,0.0,1.0,1.0,0.0,1.0,1.0,3.0
18960d0c-a72d-45ad-93ae-ebabbfbb0d31,procedure,medium,docs/NIST.SP.800-53r5.pdf,1,0.6714076995849609,0.6669294834136963,0.25,0.12280701754385964,0.6086956521739131,0.6086956521739131,0.8666666666666667,2.8666666666666667,23.0,49.0,191.0,0.0,0.0,1.0,0.0,0.0,1.0,0.0,0.0,0.0,0.0,0.0,1.0,0.0,0.0,1.0,0.0,4.0
7878e886-a2e0-439c-9424-fab4c532ad43,procedure,hard,docs/NIST.SP.800-53r5.pdf,0,0.6297793388366699,0.9526511430740356,0.6666666666666666,0.8,0.8333333333333334,0.8333333333333334,0.047619047619047616,0.6111111111111112,14.0,33.0,30.0,0.0,0.0,1.0,0.0,1.0,0.0,0.0,1.0,0.0,0.0,1.0,0.0,3.0,0.0,1.0,2.0,0.0
4b8d91db-5fd9-4d40-bf6b-f8b3670a9e50,requirement,medium,docs/NIST.SP.800-53r5.pdf,0,0.33846840262413025,0.937653660774231,0.6666666666666666,0.6818181818181818,0.8823529411764706,0.8823529411764706,0.25,0.9130434782608695,6.0,31.0,36.0,0.0,0.0,0.0,0.0,0.0,0.0,0.0,0.0,0.0,0.0,0.0,0.0,0.0,0.0,0.0,0.0,0.0
844ad331-e8fc-4167-855f-49020cbc826a,definition,easy,docs/wellarchitected-framework.pdf,1,0.7645732164382935,0.8432589769363403,0.5833333333333334,0.08888888888888889,0.5714285714285714,0.5714285714285714,0.9047619047619048,4.9,11.0,4.0,76.0,0.0,0.0,1.0,0.0,0.0,0.0,0.0,0.0,0.0,0.3333333333333333,0.6666666666666666,0.5,0.6666666666666666,0.0,1.0,0.0,0.0
3f7558fe-6db4-49d5-9b2b-ec7ebbd7126d,identifier,medium,docs/OWASP_Application_Security_Verification_Standard_5.0.0_en (1).pdf,1,0.38085323572158813,0.1787717640399933,0.0,0.02197802197802198,0.029411764705882353,0.029411764705882353,0.92,0.23357664233576642,76.0,67.0,57.0,0.0,1.0,0.0,0.0,0.0,0.0,0.0,0.0,0.0,0.0,0.0,0.0,0.0,26.0,0.0,0.0,0.0
c534ea0c-4253-47ba-bcb2-22e40834b88b,procedure,hard,docs/wellarchitected-framework.pdf,1,0.5943796634674072,0.601787805557251,0.08333333333333333,0.05555555555555555,0.25,0.25,0.9333333333333333,2.24,40.0,43.0,160.0,0.0,0.0,0.0,0.0,0.0,1.0,0.0,0.0,0.0,0.0,0.0,0.0,0.0,0.0,0.0,0.0,7.0
c521054a-b233-4f48-b047-a2d29913fb04,identifier,hard,docs/wellarchitected-framework.pdf,1,0.21868693828582764,0.6464714407920837,0.08333333333333333,0.15789473684210525,0.4,0.4,0.7931034482758621,1.6,17.0,21.0,52.0,0.0,1.0,0.0,0.0,1.0,0.0,0.0,0.0,0.0,0.0,0.0,1.0,1.0,1.0,0.0,1.0,0.0
9eff5867-b9a9-4beb-ae1b-0934bfc9bc0c,definition,medium,docs/NIST.SP.800-171r3.pdf,0,0.9647228717803955,0.9647228717803955,0.3333333333333333,0.4782608695652174,1.0,1.0,0.5217391304347826,1.125,22.0,22.0,48.0,0.0,0.0,0.0,0.0,0.0,0.0,0.0,0.0,0.0,0.0,0.0,0.0,0.0,0.0,0.0,0.0,0.0
860821e9-65b5-4c75-9697-ee3cbbf742c5,requirement,hard,docs/wellarchitected-framework.pdf,1,0.6351204514503479,0.0,0.25,0.02666666666666667,0.5,0.5,0.9726027397260274,24.333333333333332,15.0,0.0,312.0,0.0,0.0,1.0,0.0,0.0,1.0,0.0,0.0,0.0,0.0,0.0,1.0,0.0,0.0,8.0,0.0,8.0
d8789fe4-5aa4-42aa-a7b0-d9cde8c66ac2,identifier,easy,docs/NIST.SP.800-53r5.pdf,0,0.20202241837978363,0.26920777559280396,1.0,0.0,0.0,0.0,1.0,0.3333333333333333,3.0,7.0,9.0,0.0,1.0,0.0,0.0,1.0,0.0,0.0,0.0,0.0,0.0,1.0,0.0,2.0,2.0,0.0,2.0,0.0
3616abab-b48e-4499-b919-ceaa65c57975,function,medium,docs/NIST.SP.800-53r5.pdf,1,0.8079234957695007,0.8612052202224731,0.3333333333333333,0.17391304347826086,0.4444444444444444,0.4444444444444444,0.7777777777777778,1.3571428571428572,13.0,7.0,31.0,0.0,0.0,0.0,0.0,0.0,0.0,0.0,0.0,0.0,0.0,0.0,0.0,0.0,0.0,0.0,0.0,0.0
ecd9efd0-31f4-4058-94a6-84f63673074d,definition,medium,docs/wellarchitected-framework.pdf,0,0.7251962423324585,0.6979084610939026,0.75,0.6,0.9,0.9,0.35714285714285715,0.8888888888888888,21.0,21.0,31.0,1.0,0.0,0.0,0.0,0.0,0.0,0.0,0.0,0.0,1.0,0.0,0.0,0.0,1.0,1.0,0.0,0.0
801db6aa-b93e-47b8-88f9-f4afd6e95a16,factual,hard,docs/wellarchitected-framework.pdf,1,0.5123977661132812,0.5123977661132812,0.0,0.0,0.0,0.0,1.0,3.7,28.0,28.0,223.0,0.0,0.0,1.0,0.0,0.0,1.0,0.0,0.0,0.0,0.0,0.0,0.0,0.0,0.0,1.0,0.0,3.0
6f2ffa2e-3d56-453b-995e-0ad92eaad57d,requirement,easy,docs/wellarchitected-framework.pdf,1,-0.0028073489665985107,0.08425784111022949,1.0,0.0,0.0,0.0,1.0,0.2,6.0,13.0,9.0,0.0,1.0,0.0,0.0,1.0,0.0,0.0,0.0,0.0,0.0,1.0,0.0,2.0,1.0,0.0,1.0,0.0
09a54073-bdfe-45fb-8c63-735b0de889b7,factual,easy,docs/wellarchitected-framework.pdf,0,0.5002267956733704,0.5118520855903625,0.25,0.07692307692307693,0.25925925925925924,0.25925925925925924,0.9014084507042254,2.0789473684210527,19.0,41.0,121.0,0.0,0.0,1.0,0.0,0.0,1.0,0.0,0.0,0.0,0.0,0.0,1.0,0.0,0.0,1.0,0.0,5.0
f5a7f1db-1903-42bf-a207-b745de0d60bb,definition,easy,docs/wellarchitected-framework.pdf,0,0.4514516592025757,0.7433292865753174,0.4166666666666667,0.13157894736842105,0.625,0.625,0.8571428571428571,3.272727272727273,4.0,10.0,68.0,0.0,0.0,0.0,0.0,0.0,0.0,0.0,0.0,0.0,0.0,0.0,0.0,0.0,0.0,0.0,0.0,0.0
09817605-0ffd-462c-9318-f28fdce2186c,identifier,medium,docs/NIST.SP.800-53r5.pdf,0,0.6223064661026001,0.642879843711853,0.5,0.23076923076923078,0.5,0.5,0.7,1.25,2.0,10.0,15.0,1.0,0.0,0.0,1.0,0.0,0.5,0.0,0.0,0.0,1.0,0.0,0.5,0.0,1.0,1.0,2.0,4.0
e894d0f8-5e20-474f-93a7-561b6ab949e8,factual,easy,docs/wellarchitected-framework.pdf,1,0.36808061599731445,0.4577552378177643,0.0,0.09565217391304348,0.6470588235294118,0.6470588235294118,0.8990825688073395,5.791666666666667,15.0,26.0,245.0,0.0,0.0,1.0,0.0,0.0,1.0,0.0,0.0,1.0,0.0,0.0,1.0,0.0,0.0,1.0,0.0,4.0
7667b81b-e737-4373-a9fd-349ae4e0c54e,identifier,medium,docs/wellarchitected-framework.pdf,1,0.47779735922813416,0.7034857869148254,0.16666666666666666,0.08943089430894309,0.5238095238095238,0.5238095238095238,0.9026548672566371,5.413793103448276,10.0,42.0,217.0,0.0,1.0,1.0,0.0,0.0,1.0,0.0,0.0,0.0,0.0,0.0,0.0,0.0,1.0,1.0,0.0,9.0
dabdf504-c1c9-4712-bce2-bb0814d6f7fe,definition,medium,docs/rfc9110.pdf,1,0.7587834596633911,0.7707865238189697,0.08333333333333333,0.058823529411764705,0.18181818181818182,0.18181818181818182,0.92,1.4186046511627908,33.0,39.0,113.0,0.0,0.0,0.0,0.3333333333333333,0.6666666666666666,0.0,0.0,0.0,0.0,0.3333333333333333,0.6666666666666666,0.0,1.3333333333333333,0.0,0.0,3.0,1.0
a47a6574-98b8-4e90-8d90-a7d7733e8dd7,procedure,hard,docs/NIST.SP.800-53r5.pdf,0,0.7852564454078674,0.8788330554962158,0.4166666666666667,0.6,1.0,1.0,0.4,0.9787234042553191,28.0,34.0,65.0,0.0,1.0,1.0,1.0,0.0,0.6666666666666666,0.0,0.0,0.0,1.0,0.0,0.0,0.0,2.0,1.0,1.0,3.0
f23aad70-71a0-4c48-8bcd-b59b1b545942,factual,medium,docs/NIST.SP.800-53r5.pdf,1,0.132285937666893,0.47315600514411926,1.0,0.25,0.5,0.5,0.6666666666666666,1.1428571428571428,2.0,5.0,12.0,0.0,1.0,1.0,0.0,0.0,0.0,0.0,0.0,0.0,0.0,1.0,1.0,1.0,1.0,1.0,0.0,0.0
e34f1b12-1f6c-444a-a9c4-ac70f5917053,requirement,medium,docs/NIST.SP.800-53r5.pdf,1,0.3536864221096039,0.8716777563095093,0.5,0.2777777777777778,0.5263157894736842,0.5263157894736842,0.6296296296296297,1.52,10.0,29.0,60.0,0.0,1.0,0.0,0.0,0.0,1.0,0.0,0.0,0.0,0.0,0.0,1.0,0.0,1.0,0.0,0.0,1.0
fe783737-b5bb-4cb0-9cb1-8675b62481ae,definition,hard,docs/NIST.SP.800-171r3.pdf,1,0.11389622092247009,0.11389622092247009,0.75,0.0,0.0,0.0,1.0,0.08333333333333333,30.0,30.0,9.0,0.0,0.0,0.0,0.0,0.0,0.0,0.0,0.0,0.0,0.0,0.0,0.0,0.0,0.0,0.0,0.0,0.0
f69b2626-cd1b-4c0c-9928-ce2941718751,identifier,hard,docs/OWASP_Application_Security_Verification_Standard_5.0.0_en (1).pdf,1,0.7602252960205078,0.7766667008399963,0.08333333333333333,0.05084745762711865,0.2727272727272727,0.2727272727272727,0.9411764705882353,5.9375,27.0,7.0,179.0,0.0,0.0,1.0,0.0,0.0,0.0,0.0,0.0,0.0,0.0,0.0,1.0,0.0,0.0,2.0,0.0,0.0
0cf4d8fc-ce1e-4fd1-8d6d-6d5c7814f9a6,requirement,easy,docs/wellarchitected-framework.pdf,1,0.27233436703681946,0.22873617708683014,0.75,0.0,0.0,0.0,1.0,0.16666666666666666,10.0,21.0,9.0,0.0,0.0,0.0,0.0,0.0,0.0,0.0,0.0,0.0,0.0,0.0,0.0,0.0,0.0,0.0,0.0,0.0
3ebf178e-3d4c-4b6a-9b16-78c2fd8a6b14,requirement,easy,docs/wellarchitected-framework.pdf,1,0.8932336568832397,0.31399932503700256,0.0,0.16666666666666666,0.3888888888888889,0.3888888888888889,0.7741935483870968,1.1481481481481481,23.0,21.0,53.0,1.0,0.0,0.0,0.0,0.0,0.0,0.0,0.0,0.0,0.0,0.0,0.0,0.0,1.0,1.0,0.0,0.0
608f6f72-59bf-4636-865d-4cd4c0014a25,definition,hard,docs/NIST.SP.800-53r5.pdf,0,0.49990904331207275,0.8599146604537964,0.16666666666666666,0.22727272727272727,0.45454545454545453,0.45454545454545453,0.6875,0.7391304347826086,26.0,28.0,38.0,0.0,0.0,0.0,0.0,0.0,0.0,0.0,0.0,0.0,0.0,0.0,0.0,0.0,0.0,0.0,0.0,0.0
48710e89-dfbe-4e90-983e-bb87ff744df5,definition,medium,docs/wellarchitected-framework.pdf,0,0.8131492137908936,0.8895887136459351,0.25,0.391304347826087,0.75,0.75,0.55,1.048780487804878,16.0,51.0,78.0,0.0,1.0,0.0,0.0,0.0,0.0,1.0,0.0,0.0,0.0,0.0,0.0,0.0,2.0,0.0,0.0,0.0
ebae81e0-11ad-4e25-b399-fd93d926ee26,factual,easy,docs/wellarchitected-framework.pdf,0,0.9919878244400024,0.9919878244400024,0.9166666666666666,0.7647058823529411,0.9285714285714286,0.9285714285714286,0.1875,0.5666666666666667,17.0,17.0,19.0,0.75,0.25,0.25,0.0,0.0,0.0,0.0,0.0,0.0,0.75,0.25,0.25,0.25,4.0,4.0,0.0,0.0
03f3d49b-7882-4d58-9bb2-af2f04ddb3fa,identifier,easy,docs/rfc9110.pdf,1,0.07728075981140137,0.5822242498397827,0.0,0.029411764705882353,0.05555555555555555,0.05555555555555555,0.9411764705882353,0.8260869565217391,5.0,18.0,40.0,0.0,1.0,0.0,0.0,1.0,0.0,0.0,0.0,0.0,0.09090909090909091,0.9090909090909091,0.5,1.9090909090909092,4.0,0.0,1.0,0.0
9630eea4-6151-45e8-ace0-0f29fe91b4af,procedure,medium,docs/NIST.SP.800-53r5.pdf,1,0.42343994975090027,0.8579602241516113,0.08333333333333333,0.11864406779661017,0.7777777777777778,0.7777777777777778,0.8771929824561403,7.7,4.0,11.0,102.0,0.0,0.0,0.0,0.0,0.0,0.0,0.0,0.0,0.0,0.0,0.0,0.0,0.0,0.0,0.0,0.0,0.0
6c5df1e0-a2b6-4e26-97fd-88f37e7455ff,factual,easy,docs/wellarchitected-framework.pdf,0,0.22797420620918274,0.8456592559814453,0.5,0.2,0.7142857142857143,0.7142857142857143,0.782608695652174,2.6666666666666665,2.0,11.0,41.0,0.0,0.0,1.0,0.0,0.0,0.0,0.0,0.0,0.0,1.0,0.0,0.0,0.0,0.0,1.0,0.0,0.0
9939a516-49b3-476a-878b-e0e9659237fd,procedure,hard,docs/NIST.SP.800-53r5.pdf,1,0.3719196617603302,0.3719196617603302,0.5833333333333334,0.06976744186046512,0.5,0.5,0.925,4.0,12.0,12.0,81.0,0.0,0.0,0.0,0.0,0.0,0.0,0.0,0.0,0.0,0.0,0.0,0.0,0.0,0.0,0.0,0.0,0.0
0e968613-9dd1-412a-8b5d-2deb91a393a2,requirement,easy,docs/wellarchitected-framework.pdf,0,0.917669951915741,0.912684440612793,0.5,0.5789473684210527,0.9166666666666666,0.9166666666666666,0.3888888888888889,0.9130434782608695,9.0,27.0,39.0,0.0,0.0,0.0,0.0,0.0,0.0,0.0,0.0,0.0,0.0,0.0,0.0,0.0,0.0,0.0,0.0,0.0
2d13ce02-5ca6-4905-9244-4e829e00a1e0,procedure,hard,docs/NIST.SP.800-53r5.pdf,0,0.7492032051086426,0.7523138523101807,0.16666666666666666,0.4473684210526316,0.8095238095238095,0.8095238095238095,0.5,0.9534883720930233,34.0,34.0,72.0,0.0,0.0,0.0,0.0,0.0,0.0,0.0,0.0,0.0,0.0,0.0,0.0,0.0,0.0,0.0,0.0,0.0
ec326bda-58f3-4438-a493-1f0713e7a50b,requirement,medium,docs/OWASP_Application_Security_Verification_Standard_5.0.0_en (1).pdf,1,0.694990336894989,0.683141827583313,0.16666666666666666,0.125,0.25,0.25,0.8,1.0740740740740742,14.0,41.0,57.0,0.0,0.0,1.0,0.0,0.0,0.0,0.0,0.0,0.0,0.0,0.0,1.0,0.0,0.0,2.0,0.0,0.0
b92ca9b8-812e-4bf6-b273-e1a867f35904,definition,medium,docs/rfc9110.pdf,0,0.4151240587234497,0.9467371702194214,0.8333333333333334,0.8461538461538461,0.9166666666666666,0.9166666666666666,0.08333333333333333,0.9230769230769231,1.0,19.0,19.0,0.0,0.0,0.0,1.0,0.0,0.0,0.0,0.0,0.0,1.0,0.0,0.0,0.0,0.0,0.0,2.0,2.0
c67154c0-7578-4a9a-964d-3e2fd6a75a5f,identifier,hard,docs/wellarchitected-framework.pdf,1,0.2677859961986542,0.43892791867256165,0.08333333333333333,0.06451612903225806,0.18181818181818182,0.18181818181818182,0.9090909090909091,1.5333333333333334,2.0,15.0,38.0,0.0,1.0,1.0,0.0,0.0,0.0,0.0,0.0,0.0,0.0,1.0,1.0,1.0,2.0,1.0,0.0,0.0
8e6a2d1a-d414-487a-9138-861a1ebfff22,requirement,hard,docs/rfc9110.pdf,0,0.7808092832565308,0.825337827205658,0.4166666666666667,0.4,0.8571428571428571,0.8571428571428571,0.5714285714285714,1.2142857142857142,20.0,29.0,55.0,0.0,0.0,0.0,0.0,0.0,0.0,0.0,0.0,0.0,0.0,0.0,0.0,0.0,0.0,0.0,0.0,0.0
47b8a502-0405-4145-acc9-2427c47bd5d6,identifier,medium,docs/wellarchitected-framework.pdf,1,0.2981923818588257,0.15351450443267822,0.0,0.015873015873015872,0.13333333333333333,0.13333333333333333,0.9823008849557522,4.75,14.0,18.0,180.0,0.5,0.5,0.6666666666666666,0.0,0.0,1.0,0.0,0.0,0.0,0.5,0.5,0.8,0.5,2.0,3.0,0.0,7.0
17f5e9c4-4c39-4ad4-ac2d-08684e22d52c,requirement,easy,docs/rfc9110.pdf,0,0.7640017867088318,0.9370043873786926,0.8333333333333334,0.5294117647058824,0.6428571428571429,0.6428571428571429,0.25,0.6190476190476191,8.0,24.0,20.0,0.0,0.0,0.0,0.0,0.0,0.0,0.0,0.0,0.0,1.0,0.0,0.0,0.0,0.0,0.0,0.0,0.0
f54aa13b-d9fd-4d8c-8231-0cb926012110,factual,medium,docs/NIST.SP.800-53r5.pdf,0,0.941314160823822,0.8999220728874207,0.6666666666666666,0.42105263157894735,0.7619047619047619,0.7619047619047619,0.5151515151515151,1.0,35.0,38.0,81.0,0.0,1.0,0.0,1.0,0.0,0.0,0.0,0.0,0.0,1.0,0.0,0.0,0.0,1.0,0.0,1.0,1.0
76369abb-1b00-4b04-98b4-af1c808ecc8f,requirement,easy,docs/OWASP_Application_Security_Verification_Standard_5.0.0_en (1).pdf,1,0.7188463807106018,0.81582111120224,0.5,0.23809523809523808,0.6666666666666666,0.6666666666666666,0.7297297297297297,1.8518518518518519,20.0,25.0,90.0,0.5,0.5,0.5,0.0,1.0,1.0,0.0,0.0,0.0,0.5,0.5,0.5,1.5,2.0,2.0,2.0,1.0
8217d045-55e5-4d50-aa62-311a6c59c890,factual,medium,docs/wellarchitected-framework.pdf,1,0.5873870849609375,0.6602993011474609,0.08333333333333333,0.061946902654867256,0.21212121212121213,0.21212121212121213,0.9195402298850575,1.7121212121212122,49.0,49.0,154.0,0.0,1.0,1.0,0.0,0.0,1.0,0.0,0.0,0.0,1.0,0.0,0.75,0.0,7.0,6.0,0.0,5.0
c4c015a8-5616-4adb-8aac-3d040488dad6,definition,easy,docs/wellarchitected-framework.pdf,1,0.8321515321731567,0.8743396997451782,0.0,0.32142857142857145,0.6923076923076923,0.6923076923076923,0.625,0.9230769230769231,12.0,20.0,38.0,1.0,0.0,0.0,0.0,1.0,0.0,0.0,0.0,0.0,1.0,0.0,0.0,1.0,1.0,1.0,1.0,0.0
8831c535-ddc2-490a-a040-3fd71454e47e,procedure,hard,docs/NIST.SP.800-53r5.pdf,0,0.6285529136657715,0.8834256529808044,0.08333333333333333,0.4772727272727273,0.9545454545454546,0.9545454545454546,0.5116279069767442,1.0227272727272727,31.0,35.0,76.0,0.0,0.0,1.0,0.0,0.0,1.0,0.0,0.0,0.0,0.0,0.0,1.0,0.0,0.0,1.0,0.0,1.0
fc95b2b2-aa2e-4d69-8a2c-27de5e0ea04c,definition,medium,docs/NIST.SP.800-53r5.pdf,0,0.8580721616744995,0.8597815036773682,0.4166666666666667,0.16923076923076924,0.44,0.44,0.7843137254901961,1.2083333333333333,21.0,55.0,88.0,0.0,1.0,0.0,0.0,1.0,0.0,0.0,0.0,0.0,0.0,1.0,0.0,2.0,1.0,0.0,1.0,0.0
c4a2cdb2-1cbc-4327-997b-b0138efc8172,requirement,hard,docs/wellarchitected-framework.pdf,0,0.14697526395320892,0.9047601222991943,0.16666666666666666,0.4444444444444444,0.75,0.75,0.4782608695652174,1.5,6.0,16.0,39.0,1.0,0.0,0.0,0.0,0.0,0.0,0.0,0.0,0.0,1.0,0.0,0.0,0.0,3.0,3.0,0.0,0.0
2381289b-5e20-4f09-a176-e1a8d6ee5bf1,factual,easy,docs/NIST.SP.800-53r5.pdf,0,0.6730399131774902,0.8268223404884338,0.08333333333333333,0.3333333333333333,0.5555555555555556,0.5555555555555556,0.5454545454545454,0.92,11.0,36.0,34.0,0.0,0.0,0.0,0.0,0.0,0.0,0.0,0.0,0.0,0.0,0.0,0.0,0.0,0.0,0.0,0.0,0.0
a8c64722-9e97-4efc-af06-5fef53e6f966,requirement,easy,docs/wellarchitected-framework.pdf,0,0.7363208532333374,0.7209534645080566,0.16666666666666666,0.1,0.2857142857142857,0.2857142857142857,0.8666666666666667,1.55,12.0,22.0,56.0,0.0,1.0,0.0,0.0,0.0,0.0,0.0,0.0,0.0,0.0,0.0,0.0,0.0,1.0,0.0,0.0,0.0
4e5dca50-8f38-426c-b6bc-bc9dfed2d933,inference,hard,docs/wellarchitected-framework.pdf,1,0.04098217561841011,0.10478082299232483,0.16666666666666666,0.022222222222222223,0.08333333333333333,0.08333333333333333,0.9705882352941176,2.9285714285714284,9.0,9.0,70.0,0.0,0.0,1.0,0.0,0.0,0.0,0.0,0.0,0.0,0.0,0.0,1.0,0.0,0.0,1.0,0.0,0.0
e734a450-832d-4c84-9475-d30e3d56e484,factual,medium,docs/wellarchitected-framework.pdf,0,0.7176973819732666,0.7463396787643433,0.25,0.1388888888888889,0.2631578947368421,0.2631578947368421,0.7727272727272727,0.8928571428571429,13.0,32.0,40.0,0.0,0.0,0.0,0.0,0.0,0.0,0.0,0.0,0.0,0.0,0.0,1.0,0.0,0.0,0.0,0.0,0.0
